segment_name,segment_start_sec,segment_end_sec,frame_idx,processed_idx,bag_abs_time,bag_rel_time,roi_mean,roi_std,roi_min,roi_max,edge_pixel_count,hough_line_count,left_line_count,right_line_count,left_slope,right_slope,lpos,rpos,lane_width,center,center_error,mode,corner,fail_count,center_jump,lane_width_jump,suspicious_reasons
lap2_problem_section_v0_1,104.000000,115.000000,3103,0,1780899114.476508617,104.000961065,125.301491,57.548611,19,235,542,5,2,3,-0.781250000,0.611111111,40,554,514,297,-23,BOTH,STRAIGHT,0,23,,
lap2_problem_section_v0_1,104.000000,115.000000,3104,1,1780899114.507432938,104.031885386,125.463807,57.619766,16,236,534,6,2,4,-0.811764706,0.651162791,44,551,507,297,-23,BOTH,STRAIGHT,0,0,7,
lap2_problem_section_v0_1,104.000000,115.000000,3105,2,1780899114.544567347,104.069019794,126.428139,58.208793,16,235,532,5,3,2,-0.793103448,0.630000000,46,550,504,298,-22,BOTH,STRAIGHT,0,1,3,
lap2_problem_section_v0_1,104.000000,115.000000,3106,3,1780899114.576038122,104.100490570,126.696335,58.692051,16,235,538,6,3,3,-0.787878788,0.612903226,48,550,502,299,-21,BOTH,STRAIGHT,0,1,2,
lap2_problem_section_v0_1,104.000000,115.000000,3107,4,1780899114.608088017,104.132540464,126.704332,58.942989,16,235,543,4,2,2,-0.810526316,0.627906977,48,546,498,297,-23,BOTH,STRAIGHT,0,2,4,
lap2_problem_section_v0_1,104.000000,115.000000,3108,5,1780899114.643912315,104.168364763,126.472841,59.079107,20,235,517,5,3,2,-0.814814815,0.626168224,49,546,497,297,-23,BOTH,STRAIGHT,0,0,1,
lap2_problem_section_v0_1,104.000000,115.000000,3109,6,1780899114.675987959,104.200440407,126.177088,59.214033,16,236,518,7,3,4,-0.805555556,0.636363636,50,544,494,297,-23,BOTH,STRAIGHT,0,0,3,
lap2_problem_section_v0_1,104.000000,115.000000,3110,7,1780899114.713144541,104.237596989,125.660256,59.409371,16,236,509,7,3,4,-0.808695652,0.639344262,51,546,495,298,-22,BOTH,STRAIGHT,0,1,1,
lap2_problem_section_v0_1,104.000000,115.000000,3111,8,1780899114.745886803,104.270339251,124.968423,59.335133,16,235,507,6,2,4,-0.810344828,0.626373626,52,550,498,301,-19,BOTH,STRAIGHT,0,3,3,
lap2_problem_section_v0_1,104.000000,115.000000,3112,9,1780899114.777073383,104.301525831,124.344986,59.328957,16,235,499,6,3,3,-0.783132530,0.640625000,52,550,498,301,-19,BOTH,STRAIGHT,0,0,0,
lap2_problem_section_v0_1,104.000000,115.000000,3113,10,1780899114.813230276,104.337682724,123.635469,59.202670,16,235,519,3,1,2,-0.809917355,0.650485437,54,553,499,303,-17,BOTH,STRAIGHT,0,2,1,
lap2_problem_section_v0_1,104.000000,115.000000,3114,11,1780899114.844694376,104.369146824,122.710071,58.833507,22,235,513,4,2,2,-0.833333333,0.651515152,53,556,503,304,-16,BOTH,STRAIGHT,0,1,4,
lap2_problem_section_v0_1,104.000000,115.000000,3115,12,1780899114.881198406,104.405650854,122.173736,58.763766,20,235,495,5,3,2,-0.811475410,0.652892562,55,559,504,307,-13,BOTH,STRAIGHT,0,3,1,
lap2_problem_section_v0_1,104.000000,115.000000,3116,13,1780899114.912777424,104.437229872,122.120426,58.706240,16,236,493,5,3,2,-0.814516129,0.694444444,56,556,500,306,-14,BOTH,STRAIGHT,0,1,4,
lap2_problem_section_v0_1,104.000000,115.000000,3117,14,1780899114.943098545,104.467550993,122.436946,58.875636,16,235,496,4,2,2,-0.809523810,0.677215190,58,559,501,308,-12,BOTH,STRAIGHT,0,2,1,
lap2_problem_section_v0_1,104.000000,115.000000,3118,15,1780899114.979620218,104.504072666,122.151165,59.037199,16,235,512,5,3,2,-0.763888889,0.666666667,56,560,504,308,-12,BOTH,STRAIGHT,0,0,3,
lap2_problem_section_v0_1,104.000000,115.000000,3119,16,1780899115.012581348,104.537033796,121.636364,58.953904,17,235,497,4,2,2,-0.800000000,0.673611111,58,562,504,310,-10,BOTH,STRAIGHT,0,2,0,
lap2_problem_section_v0_1,104.000000,115.000000,3120,17,1780899115.043318748,104.567771196,121.235554,58.998091,20,235,504,6,3,3,-0.812500000,0.678571429,60,562,502,311,-9,BOTH,STRAIGHT,0,1,2,
lap2_problem_section_v0_1,104.000000,115.000000,3121,18,1780899115.079109430,104.603561878,120.784403,59.090747,22,235,531,7,5,2,-0.787878788,0.676258993,59,565,506,312,-8,BOTH,STRAIGHT,0,1,4,
lap2_problem_section_v0_1,104.000000,115.000000,3122,19,1780899115.111195326,104.635647774,120.306534,59.334326,16,235,539,7,3,4,-0.800000000,0.685185185,61,566,505,313,-7,BOTH,STRAIGHT,0,1,1,
lap2_problem_section_v0_1,104.000000,115.000000,3123,20,1780899115.147653818,104.672106266,120.179091,60.003544,18,236,562,5,2,3,-0.789473684,0.671232877,62,569,507,315,-5,BOTH,STRAIGHT,0,2,2,
lap2_problem_section_v0_1,104.000000,115.000000,3124,21,1780899115.181171656,104.705624104,119.799872,60.450807,16,236,660,7,3,4,-0.789473684,0.620689655,65,593,528,329,9,BOTH,STRAIGHT,0,14,21,
lap2_problem_section_v0_1,104.000000,115.000000,3125,22,1780899115.211951017,104.736403465,119.392457,60.669418,16,235,649,5,2,3,-0.783018868,0.607142857,65,595,530,330,10,BOTH,STRAIGHT,0,1,2,
lap2_problem_section_v0_1,104.000000,115.000000,3126,23,1780899115.247635365,104.772087812,118.803793,60.766577,16,236,651,5,2,3,-0.787037037,0.603773585,66,597,531,331,11,BOTH,STRAIGHT,0,1,1,
lap2_problem_section_v0_1,104.000000,115.000000,3127,24,1780899115.280017376,104.804469824,118.394716,60.953226,16,235,643,5,2,3,-0.800000000,0.695652174,68,571,503,319,-1,BOTH,STRAIGHT,0,12,28,
lap2_problem_section_v0_1,104.000000,115.000000,3128,25,1780899115.312917709,104.837370157,118.173807,61.317459,16,235,650,6,2,4,-0.788617886,0.702702703,68,570,502,319,-1,BOTH,STRAIGHT,0,0,1,
lap2_problem_section_v0_1,104.000000,115.000000,3129,26,1780899115.350099087,104.874551535,117.776591,61.506396,16,235,651,8,4,4,-0.740000000,0.681818182,66,572,506,319,-1,BOTH,STRAIGHT,0,0,4,
lap2_problem_section_v0_1,104.000000,115.000000,3130,27,1780899115.381939411,104.906391859,117.262244,61.785442,16,235,690,6,2,4,-0.780952381,0.696969697,69,572,503,320,0,BOTH,STRAIGHT,0,1,3,
lap2_problem_section_v0_1,104.000000,115.000000,3131,28,1780899115.415309906,104.939762354,116.448665,61.991225,16,235,635,6,3,3,-0.780952381,0.695652174,70,575,505,322,2,BOTH,STRAIGHT,0,2,2,
lap2_problem_section_v0_1,104.000000,115.000000,3132,29,1780899115.447721720,104.972174168,115.943352,62.367009,16,236,621,7,2,5,-0.788135593,0.697674419,73,575,502,324,4,BOTH,STRAIGHT,0,2,3,
lap2_problem_section_v0_1,104.000000,115.000000,3133,30,1780899115.480012178,105.004464626,115.089588,62.421281,16,235,640,7,3,4,-0.781609195,0.692307692,73,578,505,325,5,BOTH,STRAIGHT,0,1,3,
lap2_problem_section_v0_1,104.000000,115.000000,3134,31,1780899115.516027689,105.040480137,113.808026,62.259457,16,236,620,7,3,4,-0.774193548,0.622641509,73,604,531,338,18,BOTH,STRAIGHT,0,13,26,
lap2_problem_section_v0_1,104.000000,115.000000,3135,32,1780899115.547625065,105.072077513,112.391776,62.104636,16,235,661,5,2,3,-0.780701754,0.629629630,69,603,534,336,16,BOTH,STRAIGHT,0,2,3,
lap2_problem_section_v0_1,104.000000,115.000000,3136,33,1780899115.579691887,105.104144335,110.713253,62.223411,16,236,749,7,3,4,-0.783783784,0.687500000,67,580,513,323,3,BOTH,STRAIGHT,0,13,21,
lap2_problem_section_v0_1,104.000000,115.000000,3137,34,1780899115.615861654,105.140314102,109.208182,62.491059,16,235,775,7,3,4,-0.781609195,0.619718310,67,607,540,337,17,BOTH,STRAIGHT,0,14,27,
lap2_problem_section_v0_1,104.000000,115.000000,3138,35,1780899115.647025585,105.171478033,107.908182,63.115663,16,236,820,6,2,4,-0.780952381,0.700854701,67,581,514,324,4,BOTH,STRAIGHT,0,13,26,
lap2_problem_section_v0_1,104.000000,115.000000,3139,36,1780899115.683083534,105.207535982,106.446776,63.779858,16,236,904,7,2,4,-0.788135593,0.704545455,68,580,512,324,4,BOTH,STRAIGHT,0,0,2,
lap2_problem_section_v0_1,104.000000,115.000000,3140,37,1780899115.715085983,105.239538431,105.407273,64.162636,16,236,936,7,3,4,-0.782178218,0.644067797,66,601,535,333,13,BOTH,STRAIGHT,0,9,23,
lap2_problem_section_v0_1,104.000000,115.000000,3141,38,1780899115.747891903,105.272344351,104.572003,64.261868,16,235,924,7,2,5,-0.782178218,0.654205607,66,603,537,334,14,BOTH,STRAIGHT,0,1,2,
lap2_problem_section_v0_1,104.000000,115.000000,3142,39,1780899115.783994675,105.308447123,103.312330,64.562202,16,236,967,9,3,6,-0.783333333,0.701754386,67,579,512,323,3,BOTH,STRAIGHT,0,11,25,
lap2_problem_section_v0_1,104.000000,115.000000,3143,40,1780899115.816855431,105.341307878,102.298878,64.593305,16,236,978,8,4,4,-0.782608696,0.707964602,66,580,514,323,3,BOTH,STRAIGHT,0,0,2,
lap2_problem_section_v0_1,104.000000,115.000000,3144,41,1780899115.851276875,105.375729322,101.532912,64.519127,16,236,997,7,2,5,-0.785714286,0.652631579,63,604,541,333,13,BOTH,STRAIGHT,0,10,27,
lap2_problem_section_v0_1,104.000000,115.000000,3145,42,1780899115.883847475,105.408299923,100.804815,64.674577,16,236,1020,11,3,7,-0.781250000,0.695652174,63,581,518,322,2,BOTH,STRAIGHT,0,11,23,
lap2_problem_section_v0_1,104.000000,115.000000,3146,43,1780899115.918930769,105.443383217,100.522543,65.397084,16,235,1001,9,3,5,-0.763157895,0.698113208,65,580,515,322,2,BOTH,STRAIGHT,0,0,3,
lap2_problem_section_v0_1,104.000000,115.000000,3147,44,1780899115.953891039,105.478343487,99.827017,65.644814,16,236,1154,12,3,7,-0.796296296,0.200000000,67,203,136,135,-185,BOTH,STRAIGHT,0,187,379,center_jump;lane_width_jump
lap2_problem_section_v0_1,104.000000,115.000000,3148,45,1780899115.986154795,105.510607243,98.707912,65.640939,16,236,1103,11,3,4,-0.767857143,0.721311475,64,579,515,321,1,BOTH,STRAIGHT,0,186,379,center_jump;lane_width_jump
lap2_problem_section_v0_1,104.000000,115.000000,3149,46,1780899116.017976999,105.542429447,97.460568,65.507324,16,236,1179,14,3,7,-0.766666667,0.634615385,64,605,541,334,14,BOTH,STRAIGHT,0,13,26,
lap2_problem_section_v0_1,104.000000,115.000000,3150,47,1780899116.052480698,105.576933146,96.034517,65.175543,16,236,1269,13,2,6,-0.786324786,0.678571429,65,580,515,322,2,BOTH,STRAIGHT,0,12,26,
lap2_problem_section_v0_1,104.000000,115.000000,3151,48,1780899116.085083008,105.609535456,94.428764,64.574778,16,236,1263,13,4,5,-0.789473684,0.650000000,64,601,537,332,12,BOTH,STRAIGHT,0,10,22,
lap2_problem_section_v0_1,104.000000,115.000000,3152,49,1780899116.121573925,105.646026373,92.481165,63.824269,16,236,1281,11,2,6,-0.803278689,0.648648649,63,602,539,332,12,BOTH,STRAIGHT,0,0,2,
lap2_problem_section_v0_1,104.000000,115.000000,3153,50,1780899116.152004957,105.676457405,90.491420,63.071476,16,236,1253,13,3,6,-0.763157895,0.700000000,61,580,519,320,0,BOTH,STRAIGHT,0,12,20,
lap2_problem_section_v0_1,104.000000,115.000000,3154,51,1780899116.183911800,105.708364248,88.583196,62.435776,16,235,1365,13,3,5,-0.777777778,0.100000000,63,471,408,267,-53,BOTH,STRAIGHT,0,53,111,lane_width_jump
lap2_problem_section_v0_1,104.000000,115.000000,3155,52,1780899116.223921537,105.748373985,86.517543,61.536038,16,236,1395,16,2,8,-0.791666667,0.681818182,62,580,518,321,1,BOTH,STRAIGHT,0,54,110,lane_width_jump
lap2_problem_section_v0_1,104.000000,115.000000,3156,53,1780899116.252811193,105.777263641,84.380739,60.520379,16,236,1521,15,5,4,-0.703703704,0.676190476,44,581,537,312,-8,BOTH,STRAIGHT,0,9,19,
lap2_problem_section_v0_1,104.000000,115.000000,3157,54,1780899116.283829927,105.808282375,82.222557,59.442467,16,235,1500,17,6,5,-1.150000000,0.680851064,240,583,343,411,91,BOTH,STRAIGHT,0,99,194,center_jump;lane_width_jump
lap2_problem_section_v0_1,104.000000,115.000000,3158,55,1780899116.319523573,105.843976021,79.980895,58.314638,16,235,1531,19,6,5,-0.800000000,0.636363636,62,586,524,324,4,BOTH,STRAIGHT,0,87,181,center_jump;lane_width_jump
lap2_problem_section_v0_1,104.000000,115.000000,3159,56,1780899116.352965832,105.877418280,78.143622,57.282205,16,235,1649,17,7,4,-0.790697674,0.648648649,61,583,522,322,2,BOTH,STRAIGHT,0,2,2,
lap2_problem_section_v0_1,104.000000,115.000000,3160,57,1780899116.387451649,105.911904097,76.133821,56.199483,16,235,1663,20,6,4,-0.702127660,0.651685393,42,583,541,312,-8,BOTH,STRAIGHT,0,10,19,
lap2_problem_section_v0_1,104.000000,115.000000,3161,58,1780899116.419361115,105.943813562,74.222045,55.163790,16,236,1683,20,7,5,-0.705882353,0.600000000,42,605,563,323,3,BOTH,STRAIGHT,0,11,22,
lap2_problem_section_v0_1,104.000000,115.000000,3162,59,1780899116.452617645,105.977070093,72.293011,53.940918,16,235,1700,18,5,6,-0.696428571,0.592592593,41,605,564,323,3,BOTH,STRAIGHT,0,0,1,
lap2_problem_section_v0_1,104.000000,115.000000,3163,60,1780899116.490041256,106.014493704,70.122074,52.705341,16,235,1488,15,7,6,-0.757575758,0.666666667,58,578,520,318,-2,BOTH,STRAIGHT,0,5,44,
lap2_problem_section_v0_1,104.000000,115.000000,3164,61,1780899116.522756815,106.047209263,67.974886,51.272481,16,235,1509,16,6,6,-0.734375000,0.657142857,43,578,535,310,-10,BOTH,STRAIGHT,0,8,15,
lap2_problem_section_v0_1,104.000000,115.000000,3165,62,1780899116.552119255,106.076571703,64.839048,50.010546,16,235,1443,16,7,5,-0.720588235,0.630434783,42,582,540,312,-8,BOTH,STRAIGHT,0,2,5,
lap2_problem_section_v0_1,104.000000,115.000000,3166,63,1780899116.588615894,106.113068342,62.543196,48.332556,16,236,1503,21,8,7,-0.702702703,0.655737705,40,578,538,309,-11,BOTH,STRAIGHT,0,3,2,
lap2_problem_section_v0_1,104.000000,115.000000,3167,64,1780899116.620085955,106.144538403,60.081875,46.627852,16,235,1380,15,7,6,-0.730769231,0.588235294,40,602,562,321,1,BOTH,STRAIGHT,0,12,24,
lap2_problem_section_v0_1,104.000000,115.000000,3168,65,1780899116.658535719,106.182988167,57.460540,44.997050,16,235,1612,16,7,6,-0.730769231,0.597014925,41,602,561,321,1,BOTH,STRAIGHT,0,0,1,
lap2_problem_section_v0_1,104.000000,115.000000,3169,66,1780899116.689561844,106.214014292,54.935824,43.206863,16,235,1761,19,6,5,-0.755813953,0.622641509,56,579,523,317,-3,BOTH,STRAIGHT,0,4,38,
lap2_problem_section_v0_1,104.000000,115.000000,3170,67,1780899116.721667767,106.246120214,52.317670,41.323945,16,235,1801,21,9,5,-0.760416667,0.625000000,55,580,525,317,-3,BOTH,STRAIGHT,0,0,2,
lap2_problem_section_v0_1,104.000000,115.000000,3171,68,1780899116.758110285,106.282562733,50.008125,39.518636,16,235,1647,17,7,6,-0.777777778,0.600000000,55,598,543,326,6,BOTH,STRAIGHT,0,9,18,
lap2_problem_section_v0_1,104.000000,115.000000,3172,69,1780899116.788255692,106.312708139,48.152685,37.623280,16,235,1671,17,8,4,-0.756756757,0.629629630,52,576,524,314,-6,BOTH,STRAIGHT,0,12,19,
lap2_problem_section_v0_1,104.000000,115.000000,3173,70,1780899116.825162172,106.349614620,46.506349,35.799844,16,235,1592,20,8,7,-0.777777778,0.592592593,53,598,545,325,5,BOTH,STRAIGHT,0,11,21,
lap2_problem_section_v0_1,104.000000,115.000000,3174,71,1780899116.856188774,106.380641222,45.038082,34.013136,16,235,1606,17,7,6,-0.781512605,0.581395349,52,581,529,316,-4,BOTH,STRAIGHT,0,9,16,
lap2_problem_section_v0_1,104.000000,115.000000,3175,72,1780899116.888282537,106.412734985,43.873920,32.384493,16,235,1521,18,7,6,-0.744680851,0.602564103,50,578,528,314,-6,BOTH,STRAIGHT,0,2,1,
lap2_problem_section_v0_1,104.000000,115.000000,3176,73,1780899116.924912691,106.449365139,42.890866,30.822811,16,235,1485,15,7,5,-0.756756757,0.629629630,52,575,523,313,-7,BOTH,STRAIGHT,0,1,5,
lap2_problem_section_v0_1,104.000000,115.000000,3177,74,1780899116.957606316,106.482058764,41.773324,29.454446,16,235,1493,15,5,6,-0.709677419,0.623853211,36,576,540,306,-14,BOTH,STRAIGHT,0,7,17,
lap2_problem_section_v0_1,104.000000,115.000000,3178,75,1780899116.987499952,106.511952400,40.863991,28.386178,16,233,1438,17,7,5,-0.777777778,0.628571429,52,575,523,313,-7,BOTH,STRAIGHT,0,7,17,
lap2_problem_section_v0_1,104.000000,115.000000,3179,76,1780899117.024239302,106.548691750,39.654517,27.448206,16,206,1508,17,7,5,-0.736842105,0.585365854,47,597,550,322,2,BOTH,STRAIGHT,0,9,27,
lap2_problem_section_v0_1,104.000000,115.000000,3180,77,1780899117.055464029,106.579916477,38.682060,26.436449,16,202,1441,16,6,6,-0.750000000,0.605263158,49,577,528,313,-7,BOTH,STRAIGHT,0,9,22,
lap2_problem_section_v0_1,104.000000,115.000000,3181,78,1780899117.092112303,106.616564751,37.665412,25.533147,16,196,1356,14,6,6,-0.750000000,0.625000000,49,573,524,311,-9,BOTH,STRAIGHT,0,2,4,
lap2_problem_section_v0_1,104.000000,115.000000,3182,79,1780899117.125254631,106.649707079,36.795455,24.618046,16,201,1489,12,5,4,-0.785714286,0.571428571,51,595,544,323,3,BOTH,STRAIGHT,0,12,20,
lap2_problem_section_v0_1,104.000000,115.000000,3183,80,1780899117.156235456,106.680687904,35.847798,23.726857,16,199,1401,15,5,7,-0.736111111,0.571428571,47,593,546,320,0,BOTH,STRAIGHT,0,3,2,
lap2_problem_section_v0_1,104.000000,115.000000,3184,81,1780899117.191874266,106.716326714,35.017358,22.780666,16,191,1317,11,5,4,-0.759493671,0.608247423,46,569,523,307,-13,BOTH,STRAIGHT,0,13,23,
lap2_problem_section_v0_1,104.000000,115.000000,3185,82,1780899117.223500729,106.747953176,34.122386,21.759029,16,185,1341,12,5,6,-0.769230769,0.550000000,47,592,545,319,-1,BOTH,STRAIGHT,0,12,22,
lap2_problem_section_v0_1,104.000000,115.000000,3186,83,1780899117.255518198,106.779970646,33.299375,20.797359,16,195,1328,9,3,5,-0.755813953,0.604166667,44,567,523,305,-15,BOTH,STRAIGHT,0,14,22,
lap2_problem_section_v0_1,104.000000,115.000000,3187,84,1780899117.293936253,106.818388700,32.370000,19.628109,16,185,1291,9,4,4,-0.755319149,0.623853211,43,565,522,304,-16,BOTH,STRAIGHT,0,1,1,
lap2_problem_section_v0_1,104.000000,115.000000,3188,85,1780899117.326393843,106.850846291,31.399205,18.341890,16,191,1289,10,3,6,-0.760000000,0.590909091,42,568,526,305,-15,BOTH,STRAIGHT,0,1,4,
lap2_problem_section_v0_1,104.000000,115.000000,3189,86,1780899117.361971378,106.886423826,30.844134,17.000971,16,175,1303,12,5,6,-0.781818182,0.628571429,43,562,519,302,-18,BOTH,STRAIGHT,0,3,7,
lap2_problem_section_v0_1,104.000000,115.000000,3190,87,1780899117.395616055,106.920068502,30.238111,15.848754,16,176,1310,14,5,7,-0.786885246,0.566666667,45,585,540,315,-5,BOTH,STRAIGHT,0,13,21,
lap2_problem_section_v0_1,104.000000,115.000000,3191,88,1780899117.422928572,106.947381020,29.712926,14.710452,16,183,1171,9,2,6,-0.778761062,0.600000000,43,563,520,303,-17,BOTH,STRAIGHT,0,12,20,
lap2_problem_section_v0_1,104.000000,115.000000,3192,89,1780899117.459341526,106.983793974,29.418892,13.622652,16,174,1206,10,3,7,-0.788990826,0.574074074,41,582,541,311,-9,BOTH,STRAIGHT,0,8,21,
lap2_problem_section_v0_1,104.000000,115.000000,3193,90,1780899117.491887808,107.016340256,28.832372,12.628156,16,170,1270,10,4,5,-0.784615385,0.603773585,41,559,518,300,-20,BOTH,STRAIGHT,0,11,23,
lap2_problem_section_v0_1,104.000000,115.000000,3194,91,1780899117.523783684,107.048236132,28.511293,11.667748,16,165,1171,10,4,6,-0.787878788,0.575000000,38,562,524,300,-20,BOTH,STRAIGHT,0,0,6,
lap2_problem_section_v0_1,104.000000,115.000000,3195,92,1780899117.558941841,107.083394289,28.229773,10.746870,16,153,1085,9,3,6,-0.786407767,0.576923077,36,579,543,307,-13,BOTH,STRAIGHT,0,7,19,
lap2_problem_section_v0_1,104.000000,115.000000,3196,93,1780899117.592744350,107.117196798,27.997528,9.969581,16,140,1135,8,4,4,-0.805555556,0.601769912,36,556,520,296,-24,BOTH,STRAIGHT,0,11,23,
lap2_problem_section_v0_1,104.000000,115.000000,3197,94,1780899117.628523588,107.152976036,27.632685,9.260130,16,112,1069,8,3,5,-0.810000000,0.527777778,35,585,550,310,-10,BOTH,STRAIGHT,0,14,30,
lap2_problem_section_v0_1,104.000000,115.000000,3198,95,1780899117.662224531,107.186676979,27.682486,8.824472,16,111,1065,12,4,8,-0.842105263,0.627906977,38,552,514,295,-25,BOTH,STRAIGHT,0,15,36,
lap2_problem_section_v0_1,104.000000,115.000000,3199,96,1780899117.693482876,107.217935324,27.296023,8.518924,16,79,967,10,3,7,-0.836734694,0.620000000,35,552,517,293,-27,BOTH,STRAIGHT,0,2,3,
lap2_problem_section_v0_1,104.000000,115.000000,3200,97,1780899117.730679989,107.255132437,27.301023,8.365613,16,73,1078,10,3,7,-0.843750000,0.607843137,35,551,516,293,-27,BOTH,STRAIGHT,0,0,1,
lap2_problem_section_v0_1,104.000000,115.000000,3201,98,1780899117.761324644,107.285777092,26.909148,8.221002,16,74,1102,10,4,6,-0.870967742,0.608247423,20,551,531,285,-35,BOTH,STRAIGHT,0,8,15,
lap2_problem_section_v0_1,104.000000,115.000000,3202,99,1780899117.792197943,107.316650391,27.047756,8.055716,16,75,1111,8,4,4,-0.833333333,0.623853211,17,550,533,283,-37,BOTH,STRAIGHT,0,2,2,
lap2_problem_section_v0_1,104.000000,115.000000,3203,100,1780899117.828613520,107.353065968,26.817074,8.029337,16,75,1129,15,6,7,-0.866666667,0.569230769,19,572,553,295,-25,BOTH,STRAIGHT,0,12,20,
lap2_problem_section_v0_1,104.000000,115.000000,3204,101,1780899117.860447168,107.384899616,26.639119,8.004278,16,77,1070,13,5,8,-0.900000000,0.545454545,33,557,524,295,-25,BOTH,STRAIGHT,0,0,29,
lap2_problem_section_v0_1,104.000000,115.000000,3205,102,1780899117.896301985,107.420754433,26.584432,7.884722,16,76,1092,9,3,6,-0.870967742,0.625000000,32,549,517,290,-30,BOTH,STRAIGHT,0,5,7,
lap2_problem_section_v0_1,104.000000,115.000000,3206,103,1780899117.929931164,107.454383612,26.500426,7.816289,16,77,1032,12,5,7,-0.846153846,0.520833333,19,580,561,299,-21,BOTH,STRAIGHT,0,9,44,
lap2_problem_section_v0_1,104.000000,115.000000,3207,104,1780899117.959368229,107.483820677,26.567017,7.835862,16,79,1107,12,4,7,-0.866666667,0.590909091,20,571,551,295,-25,BOTH,STRAIGHT,0,4,10,
lap2_problem_section_v0_1,104.000000,115.000000,3208,105,1780899117.995633602,107.520086050,26.591207,7.842687,16,78,1004,10,3,7,-0.878787879,0.625000000,20,548,528,284,-36,BOTH,STRAIGHT,0,11,23,
lap2_problem_section_v0_1,104.000000,115.000000,3209,106,1780899118.027787924,107.552240372,26.422045,7.872184,16,77,998,9,3,6,-0.857142857,0.568181818,19,555,536,287,-33,BOTH,STRAIGHT,0,3,8,
lap2_problem_section_v0_1,104.000000,115.000000,3210,107,1780899118.064981699,107.589434147,26.509844,7.914866,16,77,1030,10,4,6,-0.833333333,0.576923077,17,553,536,285,-35,BOTH,STRAIGHT,0,2,0,
lap2_problem_section_v0_1,104.000000,115.000000,3211,108,1780899118.095094919,107.619547367,26.500028,8.016071,16,79,941,10,3,7,-0.866666667,0.517241379,19,564,545,291,-29,BOTH,STRAIGHT,0,6,9,
lap2_problem_section_v0_1,104.000000,115.000000,3212,109,1780899118.127860069,107.652312517,26.599744,8.158558,16,80,900,9,3,6,-0.882352941,0.584905660,21,554,533,287,-33,BOTH,STRAIGHT,0,4,12,
lap2_problem_section_v0_1,104.000000,115.000000,3213,110,1780899118.165196896,107.689649343,26.480000,8.157473,16,82,866,9,3,6,-0.888888889,0.600000000,22,553,531,287,-33,BOTH,STRAIGHT,0,0,2,
lap2_problem_section_v0_1,104.000000,115.000000,3214,111,1780899118.195801497,107.720253944,26.539872,8.227973,16,84,817,10,3,7,-0.821428571,0.604651163,16,552,536,284,-36,BOTH,STRAIGHT,0,3,5,
lap2_problem_section_v0_1,104.000000,115.000000,3215,112,1780899118.227777004,107.752229452,26.509858,8.203572,16,83,781,8,2,6,-0.850000000,0.568181818,19,573,554,296,-24,BOTH,STRAIGHT,0,12,18,
lap2_problem_section_v0_1,104.000000,115.000000,3216,113,1780899118.262741327,107.787193775,26.571037,8.155421,16,80,785,9,3,6,-0.904761905,0.578947368,20,554,534,287,-33,BOTH,STRAIGHT,0,9,20,
lap2_problem_section_v0_1,104.000000,115.000000,3217,114,1780899118.294864416,107.819316864,26.475625,8.221005,16,82,751,9,2,7,-0.872727273,0.578313253,18,556,538,287,-33,BOTH,STRAIGHT,0,0,4,
lap2_problem_section_v0_1,104.000000,115.000000,3218,115,1780899118.331521511,107.855973959,26.473011,8.245969,16,81,807,13,3,9,-0.916666667,0.600000000,20,555,535,287,-33,BOTH,STRAIGHT,0,0,3,
lap2_problem_section_v0_1,104.000000,115.000000,3219,116,1780899118.362819672,107.887272120,26.595739,8.467031,16,82,739,8,2,6,-0.880952381,0.584158416,19,557,538,288,-32,BOTH,STRAIGHT,0,1,3,
lap2_problem_section_v0_1,104.000000,115.000000,3220,117,1780899118.395777941,107.920230389,26.682415,8.511342,17,83,835,10,3,6,-1.068965517,0.560975610,26,559,533,292,-28,BOTH,STRAIGHT,0,4,5,
lap2_problem_section_v0_1,104.000000,115.000000,3221,118,1780899118.431970596,107.956423044,26.874503,8.551316,18,84,768,9,2,7,-0.969696970,0.605263158,22,555,533,288,-32,BOTH,STRAIGHT,0,4,0,
lap2_problem_section_v0_1,104.000000,115.000000,3222,119,1780899118.462742090,107.987194538,27.035568,8.614271,17,84,734,9,2,7,-1.057142857,0.607142857,24,556,532,290,-30,BOTH,STRAIGHT,0,2,1,
lap2_problem_section_v0_1,104.000000,115.000000,3223,120,1780899118.495527506,108.019979954,26.745938,8.655401,17,84,772,9,3,6,-1.000000000,0.555555556,21,563,542,292,-28,BOTH,STRAIGHT,0,2,10,
lap2_problem_section_v0_1,104.000000,115.000000,3224,121,1780899118.531471491,108.055923939,26.787685,8.755527,17,84,739,8,2,6,-1.000000000,0.580645161,22,561,539,291,-29,BOTH,STRAIGHT,0,1,3,
lap2_problem_section_v0_1,104.000000,115.000000,3225,122,1780899118.562907457,108.087359905,27.025881,8.864490,16,86,720,8,2,6,-1.000000000,0.600000000,22,558,536,290,-30,BOTH,STRAIGHT,0,1,3,
lap2_problem_section_v0_1,104.000000,115.000000,3226,123,1780899118.601916790,108.126369238,27.038210,8.934879,16,85,756,8,2,6,-1.000000000,0.537313433,21,564,543,292,-28,BOTH,STRAIGHT,0,2,7,
lap2_problem_section_v0_1,104.000000,115.000000,3227,124,1780899118.632880449,108.157332897,26.819957,9.026924,16,84,733,11,3,8,-1.185185185,0.551724138,27,563,536,225,-95,BOTH,LEFT,0,67,7,
lap2_problem_section_v0_1,104.000000,115.000000,3228,125,1780899118.664240122,108.188692570,26.871037,9.136534,17,85,787,11,4,7,-1.097560976,0.571428571,23,582,559,302,-18,BOTH,STRAIGHT,0,77,23,
lap2_problem_section_v0_1,104.000000,115.000000,3229,126,1780899118.700647116,108.225099564,27.203239,9.280256,16,86,744,8,2,6,-1.139534884,0.571428571,24,561,537,292,-28,BOTH,STRAIGHT,0,10,22,
lap2_problem_section_v0_1,104.000000,115.000000,3230,127,1780899118.732601643,108.257054090,27.275355,9.448316,17,85,751,9,2,7,-1.113636364,0.583333333,23,561,538,292,-28,BOTH,STRAIGHT,0,0,1,
lap2_problem_section_v0_1,104.000000,115.000000,3231,128,1780899118.763970852,108.288423300,27.359418,9.558683,16,86,771,9,2,7,-1.116279070,0.486486486,22,575,553,298,-22,BOTH,STRAIGHT,0,6,15,
lap2_problem_section_v0_1,104.000000,115.000000,3232,129,1780899118.801489115,108.325941563,27.480327,9.584855,17,86,826,8,2,6,-1.150000000,0.560000000,23,565,542,294,-26,BOTH,STRAIGHT,0,4,11,
lap2_problem_section_v0_1,104.000000,115.000000,3233,130,1780899118.833215714,108.357668161,27.552457,9.712159,17,88,733,9,3,6,-1.360000000,0.541666667,28,568,540,228,-92,BOTH,LEFT,0,66,2,
lap2_problem_section_v0_1,104.000000,115.000000,3234,131,1780899118.869791508,108.394243956,27.934602,9.994785,17,88,725,9,2,6,-1.064516129,0.469387755,21,580,559,300,-20,BOTH,STRAIGHT,0,72,19,
lap2_problem_section_v0_1,104.000000,115.000000,3235,132,1780899118.901304007,108.425756454,28.015469,10.399482,16,90,758,11,3,8,-1.193548387,0.466666667,25,579,554,232,-88,BOTH,LEFT,0,68,5,
lap2_problem_section_v0_1,104.000000,115.000000,3236,133,1780899118.931888819,108.456341267,28.321165,10.497668,18,92,700,8,2,6,-1.080000000,0.492957746,22,574,552,298,-22,BOTH,STRAIGHT,0,66,2,
lap2_problem_section_v0_1,104.000000,115.000000,3237,134,1780899118.968499422,108.492951870,28.370682,10.496918,16,92,770,10,3,7,-1.212121212,0.472222222,25,596,571,240,-80,BOTH,LEFT,0,58,19,
lap2_problem_section_v0_1,104.000000,115.000000,3238,135,1780899118.999143362,108.523595810,28.501420,10.555620,17,91,728,9,3,6,-1.242424242,0.486111111,24,576,552,230,-90,BOTH,LEFT,0,10,19,
lap2_problem_section_v0_1,104.000000,115.000000,3239,136,1780899119.036871910,108.561324358,28.378835,10.765705,17,92,718,7,2,5,-1.250000000,0.520000000,25,572,547,228,-92,BOTH,LEFT,0,2,5,
lap2_problem_section_v0_1,104.000000,115.000000,3240,137,1780899119.068634987,108.593087435,28.505938,10.898389,16,91,762,8,2,6,-1.212121212,0.489130435,24,577,553,230,-90,BOTH,LEFT,0,2,6,
lap2_problem_section_v0_1,104.000000,115.000000,3241,138,1780899119.098753214,108.623205662,28.306051,10.833084,18,94,729,7,2,5,-1.108695652,0.467532468,20,582,562,301,-19,BOTH,STRAIGHT,0,71,9,
lap2_problem_section_v0_1,104.000000,115.000000,3242,139,1780899119.138428211,108.662880659,28.715199,11.049804,17,94,759,10,3,6,-1.347826087,0.433333333,24,609,585,246,-74,BOTH,LEFT,0,55,23,
lap2_problem_section_v0_1,104.000000,115.000000,3243,140,1780899119.170402527,108.694854975,28.667599,11.135566,16,95,815,9,2,7,-1.307692308,0.462686567,24,586,562,235,-85,BOTH,LEFT,0,11,23,
lap2_problem_section_v0_1,104.000000,115.000000,3244,141,1780899119.200842142,108.725294590,28.810682,11.277422,17,95,806,11,4,7,-1.250000000,0.421052632,22,595,573,238,-82,BOTH,LEFT,0,3,11,
lap2_problem_section_v0_1,104.000000,115.000000,3245,142,1780899119.237714767,108.762167215,29.008750,11.469827,16,97,831,11,4,6,-1.285714286,0.431034483,22,590,568,236,-84,BOTH,LEFT,0,2,5,
lap2_problem_section_v0_1,104.000000,115.000000,3246,143,1780899119.271024704,108.795477152,29.081719,11.404624,17,95,786,8,3,5,-1.300000000,0.420000000,21,593,572,237,-83,BOTH,LEFT,0,1,4,
lap2_problem_section_v0_1,104.000000,115.000000,3247,144,1780899119.304440737,108.828893185,29.318281,11.483084,17,96,816,9,2,7,-1.212121212,0.448275862,19,583,564,231,-89,BOTH,LEFT,0,6,8,
lap2_problem_section_v0_1,104.000000,115.000000,3248,145,1780899119.337234735,108.861687183,29.492685,11.655154,17,96,826,11,3,7,-1.333333333,0.423728814,21,589,568,235,-85,BOTH,LEFT,0,4,4,
lap2_problem_section_v0_1,104.000000,115.000000,3249,146,1780899119.367237806,108.891690254,29.422656,11.831087,16,101,812,9,3,6,-1.461538462,0.426229508,22,587,565,234,-86,BOTH,LEFT,0,1,3,
lap2_problem_section_v0_1,104.000000,115.000000,3250,147,1780899119.405404568,108.929857016,29.658480,12.045051,17,98,863,9,3,6,-1.413793103,0.430379747,21,585,564,233,-87,BOTH,LEFT,0,1,1,
lap2_problem_section_v0_1,104.000000,115.000000,3251,148,1780899119.436339140,108.960791588,30.045881,12.294753,18,101,813,7,2,5,-1.666666667,0.445652174,23,583,560,233,-87,BOTH,LEFT,0,0,4,
lap2_problem_section_v0_1,104.000000,115.000000,3252,149,1780899119.468293905,108.992746353,30.226619,12.450173,17,102,826,7,3,4,-1.230769231,0.448598131,17,581,564,229,-91,BOTH,LEFT,0,4,4,
lap2_problem_section_v0_1,104.000000,115.000000,3253,150,1780899119.504354715,109.028807163,30.470597,12.599864,16,100,857,9,2,6,-1.428571429,0.444444444,19,602,583,240,-80,BOTH,LEFT,0,11,19,
lap2_problem_section_v0_1,104.000000,115.000000,3254,151,1780899119.536018610,109.060471058,30.462599,12.651836,17,104,841,9,1,6,-1.151515152,0.467741935,30,576,546,233,-87,BOTH,LEFT,0,7,37,
lap2_problem_section_v0_1,104.000000,115.000000,3255,152,1780899119.573276281,109.097728729,30.483239,12.636994,16,106,830,7,1,5,-1.250000000,0.447761194,28,581,553,234,-86,BOTH,LEFT,0,1,7,
lap2_problem_section_v0_1,104.000000,115.000000,3256,153,1780899119.604254723,109.128707170,30.570000,12.743343,16,110,846,5,1,4,-1.181818182,0.426470588,28,584,556,236,-84,BOTH,LEFT,0,2,3,
lap2_problem_section_v0_1,104.000000,115.000000,3257,154,1780899119.636390448,109.160842896,30.857273,12.960098,16,117,838,8,1,5,-1.250000000,0.469135802,28,578,550,233,-87,BOTH,LEFT,0,3,6,
lap2_problem_section_v0_1,104.000000,115.000000,3258,155,1780899119.672055721,109.196508169,31.311563,13.519134,17,119,893,8,3,4,-1.321428571,0.389830508,28,589,561,238,-82,BOTH,LEFT,0,5,11,
lap2_problem_section_v0_1,104.000000,115.000000,3259,156,1780899119.704487562,109.228940010,31.575412,13.818608,16,121,814,10,4,6,-0.108695652,0.444444444,-450,576,1026,63,-257,BOTH,STRAIGHT,0,175,465,center_jump;lane_width_jump
lap2_problem_section_v0_1,104.000000,115.000000,3260,157,1780899119.736455441,109.260907888,31.835327,14.208237,18,126,848,10,4,6,-0.145833333,0.384615385,-323,587,910,132,-188,BOTH,STRAIGHT,0,69,116,lane_width_jump
lap2_problem_section_v0_1,104.000000,115.000000,3261,158,1780899119.772678852,109.297131300,32.090398,14.256877,16,130,834,8,3,5,-0.132075472,0.385964912,-355,590,945,117,-203,BOTH,STRAIGHT,0,15,35,
lap2_problem_section_v0_1,104.000000,115.000000,3262,159,1780899119.803780317,109.328232765,32.261009,14.556182,16,131,788,10,3,7,-0.116666667,0.363636364,-394,618,1012,112,-208,BOTH,STRAIGHT,0,5,67,
lap2_problem_section_v0_1,104.000000,115.000000,3263,160,1780899119.839618683,109.364071131,32.479801,14.695199,17,132,738,9,2,7,-0.115942029,0.385542169,-388,588,976,100,-220,BOTH,STRAIGHT,0,12,36,
lap2_problem_section_v0_1,104.000000,115.000000,3264,161,1780899119.871775150,109.396227598,32.721960,14.810867,17,137,757,6,2,4,-0.136363636,0.404494382,-322,586,908,132,-188,BOTH,STRAIGHT,0,32,68,
lap2_problem_section_v0_1,104.000000,115.000000,3265,162,1780899119.904922724,109.429375172,33.073778,15.291963,16,136,803,7,2,5,-0.129870130,0.385542169,-323,589,912,133,-187,BOTH,STRAIGHT,0,1,4,
lap2_problem_section_v0_1,104.000000,115.000000,3266,163,1780899119.938918591,109.463371038,33.370511,15.580576,16,145,828,11,3,8,-0.129870130,0.350000000,-315,600,915,142,-178,BOTH,STRAIGHT,0,9,3,
lap2_problem_section_v0_1,104.000000,115.000000,3267,164,1780899119.972415686,109.496868134,33.604616,15.843171,17,146,887,8,2,6,-0.128571429,0.365853659,-307,588,895,140,-180,BOTH,STRAIGHT,0,2,20,
lap2_problem_section_v0_1,104.000000,115.000000,3268,165,1780899120.011414051,109.535866499,33.981491,16.055489,16,145,835,9,4,5,-0.128571429,0.385416667,-294,579,873,142,-178,BOTH,STRAIGHT,0,2,22,
lap2_problem_section_v0_1,104.000000,115.000000,3269,166,1780899120.041455984,109.565908432,34.369119,16.200787,17,145,822,8,2,6,-0.123287671,0.360000000,-300,608,908,154,-166,BOTH,STRAIGHT,0,12,35,
lap2_problem_section_v0_1,104.000000,115.000000,3270,167,1780899120.073596001,109.598048449,34.383920,16.537012,16,149,831,8,4,4,-0.115384615,0.382978723,-329,578,907,124,-196,BOTH,STRAIGHT,0,30,1,
lap2_problem_section_v0_1,104.000000,115.000000,3271,168,1780899120.110347033,109.634799480,34.948196,16.952931,16,164,849,8,2,5,-1.657142857,0.390243902,15,573,558,224,-96,BOTH,LEFT,0,100,349,center_jump;lane_width_jump
lap2_problem_section_v0_1,104.000000,115.000000,3272,169,1780899120.138765335,109.663217783,35.518437,17.342080,16,169,822,8,2,5,-1.777777778,0.365853659,14,579,565,226,-94,BOTH,LEFT,0,2,7,
lap2_problem_section_v0_1,104.000000,115.000000,3273,170,1780899120.171411276,109.695863724,35.810341,17.729941,16,176,811,9,1,7,-1.733333333,0.371428571,12,599,587,235,-85,BOTH,LEFT,0,9,22,
lap2_problem_section_v0_1,104.000000,115.000000,3274,171,1780899120.206791162,109.731243610,36.211818,18.190792,16,206,821,7,1,5,-1.750000000,0.346153846,11,607,596,239,-81,BOTH,LEFT,0,4,9,
lap2_problem_section_v0_1,104.000000,115.000000,3275,172,1780899120.238450050,109.762902498,36.844403,18.547640,16,229,839,8,1,6,-1.740740741,0.383928571,10,570,560,220,-100,BOTH,LEFT,0,19,36,
lap2_problem_section_v0_1,104.000000,115.000000,3276,173,1780899120.276417017,109.800869465,37.182415,19.031747,16,219,882,11,3,7,-0.127659574,0.339622642,-176,581,757,202,-118,BOTH,STRAIGHT,0,18,197,lane_width_jump
lap2_problem_section_v0_1,104.000000,115.000000,3277,174,1780899120.306808710,109.831261158,37.689134,19.243228,16,234,915,8,2,5,-0.100917431,0.383720930,-227,564,791,168,-152,BOTH,STRAIGHT,0,34,34,
lap2_problem_section_v0_1,104.000000,115.000000,3278,175,1780899120.338551760,109.863004208,38.105128,19.485973,16,232,822,8,2,6,-0.109589041,0.384000000,-191,561,752,185,-135,BOTH,STRAIGHT,0,17,39,
lap2_problem_section_v0_1,104.000000,115.000000,3279,176,1780899120.374691010,109.899143457,38.482173,19.782770,17,219,812,8,1,6,-1.705882353,0.366666667,4,588,584,226,-94,BOTH,LEFT,0,41,168,lane_width_jump
lap2_problem_section_v0_1,104.000000,115.000000,3280,177,1780899120.406796455,109.931248903,39.411463,20.588728,16,234,832,9,1,6,-1.947368421,0.345454545,4,571,567,217,-103,BOTH,LEFT,0,9,17,
lap2_problem_section_v0_1,104.000000,115.000000,3281,178,1780899120.438595772,109.963048220,40.091534,21.351309,17,235,863,7,2,5,-0.105769231,0.365591398,-112,559,671,223,-97,BOTH,STRAIGHT,0,6,104,lane_width_jump
lap2_problem_section_v0_1,104.000000,115.000000,3282,179,1780899120.474482298,109.998934746,40.647528,21.436758,17,235,952,8,2,5,-0.129629630,0.343137255,-230,590,820,180,-140,BOTH,STRAIGHT,0,43,149,lane_width_jump
lap2_problem_section_v0_1,104.000000,115.000000,3283,180,1780899120.506863832,110.031316280,41.337017,21.874628,16,235,864,7,2,4,-0.109090909,0.364285714,-60,580,640,260,-60,BOTH,STRAIGHT,0,80,180,lane_width_jump
lap2_problem_section_v0_1,104.000000,115.000000,3284,181,1780899120.542409182,110.066861629,41.839347,22.045333,16,235,808,11,2,6,-0.106382979,0.361111111,-45,582,627,268,-52,BOTH,STRAIGHT,0,8,13,
lap2_problem_section_v0_1,104.000000,115.000000,3285,182,1780899120.574558496,110.099010944,42.302358,22.439427,16,235,811,7,2,4,-0.101562500,0.364705882,-19,554,573,267,-53,BOTH,STRAIGHT,0,1,54,
lap2_problem_section_v0_1,104.000000,115.000000,3286,183,1780899120.607797146,110.132249594,42.894631,22.743464,16,235,798,8,2,5,-0.103448276,0.347107438,8,581,573,294,-26,BOTH,STRAIGHT,0,27,0,
lap2_problem_section_v0_1,104.000000,115.000000,3287,184,1780899120.642514229,110.166966677,43.415980,22.962749,18,235,824,7,1,5,-0.103448276,0.351648352,40,579,539,309,-11,BOTH,STRAIGHT,0,15,34,
lap2_problem_section_v0_1,104.000000,115.000000,3288,185,1780899120.674479008,110.198931456,44.269673,23.194143,17,235,757,8,0,5,,0.325581395,,582,,284,-36,RIGHT,STRAIGHT,0,25,,
lap2_problem_section_v0_1,104.000000,115.000000,3289,186,1780899120.706709385,110.231161833,45.002543,23.384778,17,235,844,6,0,4,,0.384615385,,536,,238,-82,RIGHT,STRAIGHT,0,46,,
lap2_problem_section_v0_1,104.000000,115.000000,3290,187,1780899120.744019270,110.268471718,45.791705,23.589646,16,235,763,9,0,7,,0.355555556,,564,,266,-54,RIGHT,STRAIGHT,0,28,,
lap2_problem_section_v0_1,104.000000,115.000000,3291,188,1780899120.774434805,110.298887253,46.792557,23.803586,16,235,767,7,0,4,,0.414634146,,526,,228,-92,RIGHT,STRAIGHT,0,38,,
lap2_problem_section_v0_1,104.000000,115.000000,3292,189,1780899120.810524702,110.334977150,47.641960,23.927093,16,235,764,9,0,6,,0.372549020,,555,,257,-63,RIGHT,STRAIGHT,0,29,,
lap2_problem_section_v0_1,104.000000,115.000000,3293,190,1780899120.842514515,110.366966963,48.486193,24.129748,16,235,775,9,0,4,,0.352272727,,558,,260,-60,RIGHT,STRAIGHT,0,3,,
lap2_problem_section_v0_1,104.000000,115.000000,3294,191,1780899120.874581814,110.399034262,49.712230,24.301025,16,235,774,7,0,3,,0.412698413,,517,,219,-101,RIGHT,STRAIGHT,0,41,,
lap2_problem_section_v0_1,104.000000,115.000000,3295,192,1780899120.910711050,110.435163498,50.879389,24.549011,16,235,825,9,0,5,,0.375000000,,545,,247,-73,RIGHT,STRAIGHT,0,28,,
lap2_problem_section_v0_1,104.000000,115.000000,3296,193,1780899120.942700624,110.467153072,52.081236,24.897439,16,235,785,6,0,3,,0.404907975,,510,,212,-108,RIGHT,STRAIGHT,0,35,,
lap2_problem_section_v0_1,104.000000,115.000000,3297,194,1780899120.978419542,110.502871990,53.658509,25.355704,16,235,853,9,1,3,-0.100000000,0.385185185,562,539,-23,550,230,BOTH,STRAIGHT,0,338,562,center_jump;lane_width_jump
lap2_problem_section_v0_1,104.000000,115.000000,3298,195,1780899121.010428190,110.534880638,55.159020,25.852835,16,235,846,6,0,3,,0.371681416,,536,,331,11,RIGHT,STRAIGHT,0,219,,center_jump
lap2_problem_section_v0_1,104.000000,115.000000,3299,196,1780899121.042319775,110.566772223,56.366676,26.431641,16,235,777,6,0,3,,0.383333333,,530,,325,5,RIGHT,STRAIGHT,0,6,,
lap2_problem_section_v0_1,104.000000,115.000000,3300,197,1780899121.078356981,110.602809429,57.504318,27.048867,16,235,832,9,0,5,,0.384615385,,528,,323,3,RIGHT,STRAIGHT,0,2,,
lap2_problem_section_v0_1,104.000000,115.000000,3301,198,1780899121.110630751,110.635083199,59.178196,27.671396,16,235,781,6,0,3,,0.384615385,,524,,319,-1,RIGHT,STRAIGHT,0,4,,
lap2_problem_section_v0_1,104.000000,115.000000,3302,199,1780899121.143193007,110.667645454,60.646349,28.183098,16,235,842,8,0,3,,0.425000000,,492,,287,-33,RIGHT,STRAIGHT,0,32,,
lap2_problem_section_v0_1,104.000000,115.000000,3303,200,1780899121.178356647,110.702809095,62.421435,28.886697,16,232,866,10,0,6,,0.424242424,,487,,282,-38,RIGHT,STRAIGHT,0,5,,
lap2_problem_section_v0_1,104.000000,115.000000,3304,201,1780899121.210243940,110.734696388,64.809276,29.824709,16,235,870,10,0,4,,0.384000000,,513,,308,-12,RIGHT,STRAIGHT,0,26,,
lap2_problem_section_v0_1,104.000000,115.000000,3305,202,1780899121.248392582,110.772845030,66.571591,30.472888,16,235,827,10,0,6,,0.405405405,,479,,274,-46,RIGHT,STRAIGHT,0,34,,
lap2_problem_section_v0_1,104.000000,115.000000,3306,203,1780899121.278332710,110.802785158,68.888253,31.213844,16,235,850,10,0,7,,0.407407407,,474,,269,-51,RIGHT,STRAIGHT,0,5,,
lap2_problem_section_v0_1,104.000000,115.000000,3307,204,1780899121.311014652,110.835467100,71.245753,31.778172,16,235,893,9,0,5,,0.425000000,,471,,266,-54,RIGHT,STRAIGHT,0,3,,
lap2_problem_section_v0_1,104.000000,115.000000,3308,205,1780899121.349254608,110.873707056,73.776165,32.378867,16,235,916,9,0,5,,0.403846154,,500,,295,-25,RIGHT,STRAIGHT,0,29,,
lap2_problem_section_v0_1,104.000000,115.000000,3309,206,1780899121.378895044,110.903347492,76.182955,32.936329,16,236,977,12,0,6,,0.437500000,,464,,259,-61,RIGHT,STRAIGHT,0,36,,
lap2_problem_section_v0_1,104.000000,115.000000,3310,207,1780899121.410580397,110.935032845,78.799886,33.463385,16,235,990,12,0,7,,0.404255319,,494,,289,-31,RIGHT,STRAIGHT,0,30,,
lap2_problem_section_v0_1,104.000000,115.000000,3311,208,1780899121.447457314,110.971909761,81.918494,34.045910,16,235,905,9,0,6,,0.403846154,,492,,287,-33,RIGHT,STRAIGHT,0,2,,
lap2_problem_section_v0_1,104.000000,115.000000,3312,209,1780899121.478409052,111.002861500,84.832699,34.529385,16,235,953,10,0,6,,0.430769231,,454,,249,-71,RIGHT,STRAIGHT,0,38,,
lap2_problem_section_v0_1,104.000000,115.000000,3313,210,1780899121.516321898,111.040774345,87.753310,35.213367,16,235,987,10,0,4,,0.218750000,,789,,584,264,RIGHT,STRAIGHT,0,335,,center_jump
lap2_problem_section_v0_1,104.000000,115.000000,3314,211,1780899121.547929287,111.072381735,90.402315,35.989588,16,235,951,7,0,4,,0.410958904,,482,,277,-43,RIGHT,STRAIGHT,0,307,,center_jump
lap2_problem_section_v0_1,104.000000,115.000000,3315,212,1780899121.579111814,111.103564262,93.274332,36.804858,16,235,971,9,0,5,,0.449664430,,447,,242,-78,RIGHT,STRAIGHT,0,35,,
lap2_problem_section_v0_1,104.000000,115.000000,3316,213,1780899121.616241932,111.140694380,95.989403,37.676942,16,236,963,9,0,6,,0.464285714,,447,,242,-78,RIGHT,STRAIGHT,0,0,,
lap2_problem_section_v0_1,104.000000,115.000000,3317,214,1780899121.648218870,111.172671318,99.358239,39.017776,16,235,952,8,0,4,,0.148936170,,910,,639,319,RIGHT,STRAIGHT,0,397,,center_jump
lap2_problem_section_v0_1,104.000000,115.000000,3318,215,1780899121.680681467,111.205133915,102.443963,40.159461,16,235,918,9,0,5,,0.428571429,,473,,268,-52,RIGHT,STRAIGHT,0,371,,center_jump
lap2_problem_section_v0_1,104.000000,115.000000,3319,216,1780899121.716430187,111.240882635,104.956094,41.245165,16,236,874,10,0,6,,0.469696970,,438,,233,-87,RIGHT,STRAIGHT,0,35,,
lap2_problem_section_v0_1,104.000000,115.000000,3320,217,1780899121.748135567,111.272588015,107.774503,42.302479,16,236,842,8,0,4,,0.446540881,,471,,266,-54,RIGHT,STRAIGHT,0,33,,
lap2_problem_section_v0_1,104.000000,115.000000,3321,218,1780899121.782451391,111.306903839,110.162997,43.410475,16,235,822,8,0,4,,0.476744186,,434,,229,-91,RIGHT,STRAIGHT,0,37,,
lap2_problem_section_v0_1,104.000000,115.000000,3322,219,1780899121.815783978,111.340236425,112.607131,44.259772,16,236,799,7,0,5,,0.445086705,,468,,263,-57,RIGHT,STRAIGHT,0,34,,
lap2_problem_section_v0_1,104.000000,115.000000,3323,220,1780899121.846743822,111.371196270,115.102642,45.231123,16,236,763,3,0,1,,0.450617284,,466,,261,-59,RIGHT,STRAIGHT,0,2,,
lap2_problem_section_v0_1,104.000000,115.000000,3324,221,1780899121.885480404,111.409932852,117.526051,46.111208,16,236,730,6,0,4,,0.489361702,,432,,227,-93,RIGHT,STRAIGHT,0,34,,
lap2_problem_section_v0_1,104.000000,115.000000,3325,222,1780899121.914848328,111.439300776,120.269048,46.955315,16,236,691,5,0,2,,0.493670886,,429,,224,-96,RIGHT,STRAIGHT,0,3,,
lap2_problem_section_v0_1,104.000000,115.000000,3326,223,1780899121.950803041,111.475255489,124.187884,47.651614,16,236,653,5,0,3,,0.490909091,,425,,220,-100,RIGHT,STRAIGHT,0,4,,
lap2_problem_section_v0_1,104.000000,115.000000,3327,224,1780899121.982702255,111.507154703,128.578097,48.340328,16,236,623,6,0,4,,0.504504505,,422,,217,-103,RIGHT,STRAIGHT,0,3,,
lap2_problem_section_v0_1,104.000000,115.000000,3328,225,1780899122.014775991,111.539228439,132.177656,49.023841,16,236,577,5,0,3,,0.493670886,,417,,212,-108,RIGHT,STRAIGHT,0,5,,
lap2_problem_section_v0_1,104.000000,115.000000,3329,226,1780899122.050799608,111.575252056,135.441264,49.627921,16,236,533,4,0,2,,0.489795918,,415,,210,-110,RIGHT,STRAIGHT,0,2,,
lap2_problem_section_v0_1,104.000000,115.000000,3330,227,1780899122.084431171,111.608883619,138.188011,50.295381,16,236,469,3,0,1,,0.492957746,,454,,249,-71,RIGHT,STRAIGHT,0,39,,
lap2_problem_section_v0_1,104.000000,115.000000,3331,228,1780899122.116079807,111.640532255,140.996577,51.022447,16,236,439,3,0,1,,0.516666667,,455,,250,-70,RIGHT,STRAIGHT,0,1,,
lap2_problem_section_v0_1,104.000000,115.000000,3332,229,1780899122.151031494,111.675483942,143.309460,51.950531,16,236,419,3,0,1,,0.531914894,,458,,253,-67,RIGHT,STRAIGHT,0,3,,
lap2_problem_section_v0_1,104.000000,115.000000,3333,230,1780899122.182764530,111.707216978,145.452940,52.968919,29,236,403,4,0,2,,0.520833333,,413,,208,-112,RIGHT,STRAIGHT,0,45,,
lap2_problem_section_v0_1,104.000000,115.000000,3334,231,1780899122.218419313,111.742871761,147.790241,53.835784,38,236,391,3,0,0,,,,,,208,-112,NONE,STRAIGHT,1,0,,mode_NONE
lap2_problem_section_v0_1,104.000000,115.000000,3335,232,1780899122.250550508,111.775002956,149.886364,54.685024,37,236,371,3,1,0,-0.200000000,,-240,,,0,-320,LEFT,STRAIGHT,0,208,,center_jump
lap2_problem_section_v0_1,104.000000,115.000000,3336,233,1780899122.282930136,111.807382584,151.476847,55.356713,45,236,380,4,1,1,-0.166666667,0.537313433,-282,413,695,65,-255,BOTH,STRAIGHT,0,65,718,lane_width_jump
lap2_problem_section_v0_1,104.000000,115.000000,3337,234,1780899122.319237471,111.843689919,152.607997,55.884363,38,236,391,3,1,0,-0.163265306,,-281,,,0,-320,LEFT,STRAIGHT,0,65,,
lap2_problem_section_v0_1,104.000000,115.000000,3338,235,1780899122.351224422,111.875676870,153.165142,56.137670,43,236,402,5,2,2,-0.181818182,0.542857143,-247,414,661,83,-237,BOTH,STRAIGHT,0,83,34,center_jump
lap2_problem_section_v0_1,104.000000,115.000000,3339,236,1780899122.382767439,111.907219887,153.812571,56.305217,43,236,417,5,2,1,-0.158730159,0.555555556,-277,415,692,69,-251,BOTH,STRAIGHT,0,14,31,
lap2_problem_section_v0_1,104.000000,115.000000,3340,237,1780899122.418711662,111.943164110,154.306733,56.444381,48,236,443,4,2,0,-0.173333333,,-242,,,52,-268,LEFT,STRAIGHT,0,17,,
lap2_problem_section_v0_1,104.000000,115.000000,3341,238,1780899122.451224327,111.975676775,154.779901,56.481076,41,236,468,7,2,2,-0.178571429,0.561643836,-224,418,642,97,-223,BOTH,STRAIGHT,0,45,50,
lap2_problem_section_v0_1,104.000000,115.000000,3342,239,1780899122.486414671,112.010867119,155.052486,56.399329,43,236,479,5,2,1,-0.175824176,0.594059406,-221,422,643,100,-220,BOTH,STRAIGHT,0,3,1,
lap2_problem_section_v0_1,104.000000,115.000000,3343,240,1780899122.518514633,112.042967081,155.232670,56.306826,49,236,500,5,2,0,-0.160000000,,-237,,,71,-249,LEFT,STRAIGHT,0,29,,
lap2_problem_section_v0_1,104.000000,115.000000,3344,241,1780899122.550637484,112.075089931,155.473381,56.301820,49,236,520,6,2,1,-0.158878505,0.568627451,-230,423,653,96,-224,BOTH,STRAIGHT,0,25,10,
lap2_problem_section_v0_1,104.000000,115.000000,3345,242,1780899122.586513281,112.110965729,156.054872,56.240241,50,236,550,4,2,0,-0.157024793,,-222,,,91,-229,LEFT,STRAIGHT,0,5,,
lap2_problem_section_v0_1,104.000000,115.000000,3346,243,1780899122.618602514,112.143054962,156.631435,55.970856,58,236,574,6,2,1,-0.152671756,0.588235294,-220,424,644,102,-218,BOTH,STRAIGHT,0,11,9,
lap2_problem_section_v0_1,104.000000,115.000000,3347,244,1780899122.652035713,112.176488161,157.122528,55.629969,49,236,591,6,4,0,-0.153153153,,-209,,,107,-213,LEFT,STRAIGHT,0,5,,
lap2_problem_section_v0_1,104.000000,115.000000,3348,245,1780899122.687042713,112.211495161,157.541605,55.348402,59,236,612,7,3,0,-0.152173913,,-199,,,117,-203,LEFT,STRAIGHT,0,10,,
lap2_problem_section_v0_1,104.000000,115.000000,3349,246,1780899122.718853235,112.243305683,157.727642,55.186035,59,236,633,5,3,0,-0.157407407,,-182,,,134,-186,LEFT,STRAIGHT,0,17,,
lap2_problem_section_v0_1,104.000000,115.000000,3350,247,1780899122.754508495,112.278960943,158.484830,55.173906,63,236,690,5,2,0,-0.140449438,,-199,,,117,-203,LEFT,STRAIGHT,0,17,,
lap2_problem_section_v0_1,104.000000,115.000000,3351,248,1780899122.788439035,112.312891483,159.212259,55.099897,54,236,779,9,3,1,-0.139784946,0.592592593,-183,430,613,123,-197,BOTH,STRAIGHT,0,6,31,
lap2_problem_section_v0_1,104.000000,115.000000,3352,249,1780899122.819204330,112.343656778,159.529574,54.972872,58,236,850,12,5,2,-0.145454545,0.595238095,-155,432,587,138,-182,BOTH,STRAIGHT,0,15,26,
lap2_problem_section_v0_1,104.000000,115.000000,3353,250,1780899122.856669426,112.381121874,159.639489,54.884821,59,236,907,12,6,1,-0.129032258,0.593750000,-215,434,649,109,-211,BOTH,STRAIGHT,0,29,62,
lap2_problem_section_v0_1,104.000000,115.000000,3354,251,1780899122.886679649,112.411132097,159.680568,54.757795,64,236,968,10,5,0,-0.135135135,,-180,,,132,-188,LEFT,STRAIGHT,0,23,,
lap2_problem_section_v0_1,104.000000,115.000000,3355,252,1780899122.924734831,112.449187279,159.885923,54.604603,58,236,1018,12,5,1,-0.140740741,0.600000000,-112,441,553,164,-156,BOTH,STRAIGHT,0,32,96,
lap2_problem_section_v0_1,104.000000,115.000000,3356,253,1780899122.956925631,112.481378078,160.149347,54.509359,50,235,1108,15,6,0,-0.140000000,,-95,,,206,-114,LEFT,STRAIGHT,0,42,,
lap2_problem_section_v0_1,104.000000,115.000000,3357,254,1780899122.989051104,112.513503551,160.324645,54.291180,16,236,1144,14,3,1,-0.137931034,0.600000000,-117,446,563,164,-156,BOTH,STRAIGHT,0,42,10,
lap2_problem_section_v0_1,104.000000,115.000000,3358,255,1780899123.024067879,112.548520327,160.500128,54.173607,21,236,1216,13,4,1,-0.115384615,0.600000000,-154,447,601,146,-174,BOTH,STRAIGHT,0,18,38,
lap2_problem_section_v0_1,104.000000,115.000000,3359,256,1780899123.054838896,112.579291344,161.115980,54.079950,28,236,1274,14,2,1,-0.109589041,0.595744681,-125,449,574,162,-158,BOTH,STRAIGHT,0,16,27,
lap2_problem_section_v0_1,104.000000,115.000000,3360,257,1780899123.086766005,112.611218452,161.525980,53.952118,59,236,1306,18,6,1,-0.160000000,0.598425197,28,453,425,240,-80,BOTH,STRAIGHT,0,78,149,lane_width_jump
lap2_problem_section_v0_1,104.000000,115.000000,3361,258,1780899123.124021292,112.648473740,161.862102,53.808393,55,236,1323,23,3,2,-0.160000000,0.619047619,45,457,412,251,-69,BOTH,STRAIGHT,0,11,13,
lap2_problem_section_v0_1,104.000000,115.000000,3362,259,1780899123.154864550,112.679316998,161.672926,53.659272,57,236,1350,16,1,1,-0.951219512,0.619047619,-10,462,472,226,-94,BOTH,STRAIGHT,0,25,60,
lap2_problem_section_v0_1,104.000000,115.000000,3363,260,1780899123.190772057,112.715224504,162.051207,53.484785,51,236,1386,22,3,2,-0.153846154,0.643835616,92,467,375,279,-41,BOTH,STRAIGHT,0,53,97,
lap2_problem_section_v0_1,104.000000,115.000000,3364,261,1780899123.222987890,112.747440338,162.691293,53.369996,60,236,1405,19,1,1,-0.931818182,0.621052632,-7,468,475,230,-90,BOTH,STRAIGHT,0,49,100,
lap2_problem_section_v0_1,104.000000,115.000000,3365,262,1780899123.254630804,112.779083252,163.368594,53.230173,59,236,1425,20,2,1,-0.906250000,0.600000000,-6,469,475,231,-89,BOTH,STRAIGHT,0,1,0,
lap2_problem_section_v0_1,104.000000,115.000000,3366,263,1780899123.290856123,112.815308571,163.869375,53.201051,60,236,1455,17,1,1,-0.954545455,0.600000000,-2,473,475,235,-85,BOTH,STRAIGHT,0,4,0,
lap2_problem_section_v0_1,104.000000,115.000000,3367,264,1780899123.322474718,112.846927166,164.276080,53.068633,65,236,1486,20,3,3,-0.102941176,0.564102564,112,479,367,295,-25,BOTH,STRAIGHT,0,60,108,lane_width_jump
lap2_problem_section_v0_1,104.000000,115.000000,3368,265,1780899123.354743242,112.879195690,164.545952,52.995786,69,236,1511,22,2,2,-0.933333333,0.600000000,2,479,477,240,-80,BOTH,STRAIGHT,0,55,110,lane_width_jump
lap2_problem_section_v0_1,104.000000,115.000000,3369,266,1780899123.391089678,112.915542126,165.069943,52.941686,66,236,1521,22,2,2,-0.100000000,0.600000000,320,483,163,401,81,BOTH,STRAIGHT,0,161,314,center_jump;lane_width_jump
lap2_problem_section_v0_1,104.000000,115.000000,3370,267,1780899123.425419092,112.949871540,165.682784,52.939067,70,236,1552,20,2,1,-0.907692308,0.601562500,5,486,481,245,-75,BOTH,STRAIGHT,0,156,318,center_jump;lane_width_jump
lap2_problem_section_v0_1,104.000000,115.000000,3371,268,1780899123.459557772,112.984010220,166.368764,52.855126,65,236,1653,19,1,1,-0.885245902,0.601626016,6,490,484,248,-72,BOTH,STRAIGHT,0,3,3,
lap2_problem_section_v0_1,104.000000,115.000000,3372,269,1780899123.491691351,113.016143799,167.381619,53.000446,49,236,1745,27,2,3,-0.901408451,0.621621622,10,494,484,252,-68,BOTH,STRAIGHT,0,4,0,
lap2_problem_section_v0_1,104.000000,115.000000,3373,270,1780899123.523334503,113.047786951,168.896903,53.170128,46,236,1868,28,2,2,-0.878787879,0.620370370,12,498,486,255,-65,BOTH,STRAIGHT,0,3,2,
lap2_problem_section_v0_1,104.000000,115.000000,3374,271,1780899123.565240860,113.089693308,171.009006,53.396881,59,236,2034,32,2,3,-0.892857143,0.609756098,16,505,489,260,-60,BOTH,STRAIGHT,0,5,3,
lap2_problem_section_v0_1,104.000000,115.000000,3375,272,1780899123.593009233,113.117461681,171.892472,53.441726,50,236,2043,31,3,3,-0.100000000,0.619047619,585,507,-78,546,226,BOTH,STRAIGHT,0,286,567,center_jump;lane_width_jump
lap2_problem_section_v0_1,104.000000,115.000000,3376,273,1780899123.626495600,113.150948048,171.415923,53.171626,50,236,1975,29,2,3,-0.845238095,0.652777778,18,505,487,261,-59,BOTH,STRAIGHT,0,285,565,center_jump;lane_width_jump
lap2_problem_section_v0_1,104.000000,115.000000,3377,274,1780899123.661699533,113.186151981,169.888693,52.521093,43,236,1956,26,2,3,-0.837500000,0.679487179,15,503,488,259,-61,BOTH,STRAIGHT,0,2,1,
lap2_problem_section_v0_1,104.000000,115.000000,3378,275,1780899123.691608429,113.216060877,167.958040,52.073182,33,236,1750,26,2,4,-0.794117647,0.652173913,8,502,494,255,-65,BOTH,STRAIGHT,0,4,6,
lap2_problem_section_v0_1,104.000000,115.000000,3379,276,1780899123.727652311,113.252104759,166.394105,51.611432,48,236,1631,23,1,5,-0.819444444,0.676470588,4,495,491,249,-71,BOTH,STRAIGHT,0,6,3,
lap2_problem_section_v0_1,104.000000,115.000000,3380,277,1780899123.759475231,113.283927679,165.516264,51.394779,45,236,1538,22,1,4,-0.800000000,0.645161290,2,499,497,250,-70,BOTH,STRAIGHT,0,1,6,
lap2_problem_section_v0_1,104.000000,115.000000,3381,278,1780899123.793199539,113.317651987,165.345966,51.320334,55,236,1487,25,2,4,-0.807692308,0.666666667,0,495,495,247,-73,BOTH,STRAIGHT,0,3,2,
lap2_problem_section_v0_1,104.000000,115.000000,3382,279,1780899123.827991009,113.352443457,164.846591,51.327064,56,236,1440,22,3,4,-0.793103448,0.700000000,-1,490,491,244,-76,BOTH,STRAIGHT,0,3,4,
lap2_problem_section_v0_1,104.000000,115.000000,3383,280,1780899123.861972332,113.386424780,165.005114,51.477070,65,236,1394,20,2,2,-0.812500000,0.673913043,-2,487,489,242,-78,BOTH,STRAIGHT,0,2,2,
lap2_problem_section_v0_1,104.000000,115.000000,3384,281,1780899123.896958828,113.421411276,164.782358,51.573571,70,236,1354,20,1,2,-0.810810811,0.703125000,-3,484,487,240,-80,BOTH,STRAIGHT,0,2,2,
lap2_problem_section_v0_1,104.000000,115.000000,3385,282,1780899123.928265810,113.452718258,164.994290,51.717164,72,236,1350,19,2,2,-0.800000000,0.735294118,-5,480,485,237,-83,BOTH,STRAIGHT,0,3,2,
lap2_problem_section_v0_1,104.000000,115.000000,3386,283,1780899123.960049629,113.484502077,165.888423,51.997077,64,236,1354,17,1,1,-0.772727273,0.723076923,-8,476,484,234,-86,BOTH,STRAIGHT,0,3,1,
lap2_problem_section_v0_1,104.000000,115.000000,3387,284,1780899123.995730400,113.520182848,166.617273,52.084580,60,236,1356,17,1,1,-0.787234043,0.750000000,-9,475,484,233,-87,BOTH,STRAIGHT,0,1,0,
lap2_problem_section_v0_1,104.000000,115.000000,3388,285,1780899124.027821779,113.552274227,167.209347,52.306389,54,236,1351,23,1,2,-0.769230769,0.739130435,-12,472,484,230,-90,BOTH,STRAIGHT,0,3,0,
lap2_problem_section_v0_1,104.000000,115.000000,3389,286,1780899124.059983492,113.584435940,168.197301,52.302702,42,236,1405,20,2,2,-0.792452830,0.769230769,-11,469,480,229,-91,BOTH,STRAIGHT,0,1,4,
lap2_problem_section_v0_1,104.000000,115.000000,3390,287,1780899124.095487118,113.619939566,169.324261,52.444736,55,236,1415,21,2,2,-0.803921569,0.782608696,-12,466,478,227,-93,BOTH,STRAIGHT,0,2,2,
lap2_problem_section_v0_1,104.000000,115.000000,3391,288,1780899124.127644777,113.652097225,170.477500,52.445247,52,236,1457,20,1,1,-0.804347826,0.750000000,-13,462,475,224,-96,BOTH,STRAIGHT,0,3,3,
lap2_problem_section_v0_1,104.000000,115.000000,3392,289,1780899124.164373636,113.688826084,171.666804,52.546475,51,236,1551,19,1,0,-0.773584906,,-17,,,222,-98,LEFT,STRAIGHT,0,2,,
lap2_problem_section_v0_1,104.000000,115.000000,3393,290,1780899124.195454597,113.719907045,172.589063,52.762899,47,236,1479,17,1,0,-0.780000000,,-19,,,220,-100,LEFT,STRAIGHT,0,2,,
lap2_problem_section_v0_1,104.000000,115.000000,3394,291,1780899124.229995966,113.754448414,171.692173,52.827769,58,236,1472,17,1,1,-0.822222222,0.805970149,-19,457,476,219,-101,BOTH,STRAIGHT,0,1,1,
lap2_problem_section_v0_1,104.000000,115.000000,3395,292,1780899124.264602423,113.789054871,170.311875,52.856961,69,236,1418,16,1,1,-0.800000000,0.790697674,-22,451,473,214,-106,BOTH,STRAIGHT,0,5,3,
lap2_problem_section_v0_1,104.000000,115.000000,3396,293,1780899124.295995951,113.820448399,169.653082,52.919832,52,236,1370,21,1,2,-0.791666667,0.782608696,-23,447,470,212,-108,BOTH,STRAIGHT,0,2,3,
lap2_problem_section_v0_1,104.000000,115.000000,3397,294,1780899124.329217672,113.853670120,169.219446,52.896706,54,236,1361,14,1,0,-0.809523810,,-22,,,215,-105,LEFT,STRAIGHT,0,3,,
lap2_problem_section_v0_1,104.000000,115.000000,3398,295,1780899124.367474318,113.891926765,168.611193,52.790785,59,236,1368,16,1,2,-0.808510638,0.781250000,-18,449,467,215,-105,BOTH,STRAIGHT,0,0,3,
lap2_problem_section_v0_1,104.000000,115.000000,3399,296,1780899124.398436069,113.922888517,168.286918,52.639164,47,236,1373,17,1,2,-0.795918367,0.786666667,-17,453,470,218,-102,BOTH,STRAIGHT,0,3,3,
lap2_problem_section_v0_1,104.000000,115.000000,3400,297,1780899124.432130098,113.956582546,168.743224,52.826500,55,236,1372,16,0,2,,0.779661017,,450,,214,-106,RIGHT,STRAIGHT,0,4,,
lap2_problem_section_v0_1,104.000000,115.000000,3401,298,1780899124.464390993,113.988843441,169.265241,52.934468,41,236,1360,17,1,2,-0.795454545,0.800000000,-22,447,469,212,-108,BOTH,STRAIGHT,0,2,1,
lap2_problem_section_v0_1,104.000000,115.000000,3402,299,1780899124.495699883,114.020152330,169.965795,53.051593,41,236,1340,17,1,2,-0.826086957,0.814285714,-24,442,466,209,-111,BOTH,STRAIGHT,0,3,3,
lap2_problem_section_v0_1,104.000000,115.000000,3403,300,1780899124.532126427,114.056578875,170.607315,53.165882,57,236,1312,17,1,2,-0.820512821,0.790697674,-25,440,465,207,-113,BOTH,STRAIGHT,0,2,1,
lap2_problem_section_v0_1,104.000000,115.000000,3404,301,1780899124.564265728,114.088718176,171.193196,53.195919,70,236,1301,20,1,1,-0.785714286,0.814814815,-30,437,467,203,-117,BOTH,STRAIGHT,0,4,2,
lap2_problem_section_v0_1,104.000000,115.000000,3405,302,1780899124.595312119,114.119764566,172.248821,53.276873,75,236,1303,17,1,1,-0.806451613,0.822222222,-30,433,463,201,-119,BOTH,STRAIGHT,0,2,4,
lap2_problem_section_v0_1,104.000000,115.000000,3406,303,1780899124.631799221,114.156251669,172.876563,53.275649,65,236,1295,17,1,1,-0.848484848,0.891891892,-29,433,462,202,-118,BOTH,STRAIGHT,0,1,1,
lap2_problem_section_v0_1,104.000000,115.000000,3407,304,1780899124.663829327,114.188281775,173.176662,53.217069,54,236,1324,21,1,1,-0.800000000,0.800000000,-31,429,460,199,-121,BOTH,STRAIGHT,0,3,2,
lap2_problem_section_v0_1,104.000000,115.000000,3408,305,1780899124.699934244,114.224386692,173.563125,53.068641,48,236,1380,18,1,0,-0.833333333,,-24,,,207,-113,LEFT,STRAIGHT,0,8,,
lap2_problem_section_v0_1,104.000000,115.000000,3409,306,1780899124.732902288,114.257354736,173.823139,53.020018,40,236,1484,20,1,1,-0.842105263,0.833333333,-18,442,460,212,-108,BOTH,STRAIGHT,0,5,0,
lap2_problem_section_v0_1,104.000000,115.000000,3410,307,1780899124.767706394,114.292158842,174.119957,52.922824,38,236,1636,25,2,1,-0.103448276,0.802631579,-417,451,868,17,-303,BOTH,STRAIGHT,0,195,408,center_jump;lane_width_jump
lap2_problem_section_v0_1,104.000000,115.000000,3411,308,1780899124.802237511,114.326689959,174.210398,52.896557,54,236,1642,21,1,0,-0.777777778,,-8,,,284,-36,LEFT,STRAIGHT,0,267,,center_jump
lap2_problem_section_v0_1,104.000000,115.000000,3412,309,1780899124.832116842,114.356569290,172.367642,52.732883,37,236,1701,21,1,2,-0.785714286,0.811881188,-3,466,469,231,-89,BOTH,STRAIGHT,0,53,399,lane_width_jump
lap2_problem_section_v0_1,104.000000,115.000000,3413,310,1780899124.869723797,114.394176245,169.971534,52.419662,30,236,1681,24,2,2,-0.819672131,0.813084112,1,474,473,237,-83,BOTH,STRAIGHT,0,6,4,
lap2_problem_section_v0_1,104.000000,115.000000,3414,311,1780899124.900851965,114.425304413,168.524446,52.083644,51,236,1649,18,2,3,-0.783333333,0.780821918,4,484,480,244,-76,BOTH,STRAIGHT,0,7,7,
lap2_problem_section_v0_1,104.000000,115.000000,3415,312,1780899124.933268547,114.457720995,167.367614,51.702545,54,236,1667,20,1,4,-0.785714286,0.771428571,9,490,481,249,-71,BOTH,STRAIGHT,0,5,1,
lap2_problem_section_v0_1,104.000000,115.000000,3416,313,1780899124.968423128,114.492875576,166.443366,51.341016,48,236,1683,19,1,3,-0.757575758,0.666666667,11,507,496,259,-61,BOTH,STRAIGHT,0,10,15,
lap2_problem_section_v0_1,104.000000,115.000000,3417,314,1780899125.008409977,114.532862425,165.206435,50.923837,29,236,1712,20,2,3,-0.780821918,0.638888889,16,518,502,267,-53,BOTH,STRAIGHT,0,8,6,
lap2_problem_section_v0_1,104.000000,115.000000,3418,315,1780899125.031162024,114.555614471,164.474759,50.563391,53,236,1747,21,2,3,-0.789473684,0.675000000,22,525,503,273,-47,BOTH,STRAIGHT,0,6,1,
lap2_problem_section_v0_1,104.000000,115.000000,3419,316,1780899125.067572832,114.592025280,163.967585,50.344158,54,236,1798,26,2,2,-0.753424658,0.645833333,29,536,507,282,-38,BOTH,STRAIGHT,0,9,4,
lap2_problem_section_v0_1,104.000000,115.000000,3420,317,1780899125.099327087,114.623779535,163.222031,49.989140,51,236,1852,21,1,2,-0.723684211,0.666666667,33,541,508,287,-33,BOTH,STRAIGHT,0,5,1,
lap2_problem_section_v0_1,104.000000,115.000000,3421,318,1780899125.136694431,114.661146879,162.720952,49.879388,47,236,1878,25,2,4,-0.727272727,0.648148148,35,547,512,291,-29,BOTH,STRAIGHT,0,4,4,
lap2_problem_section_v0_1,104.000000,115.000000,3422,319,1780899125.168885231,114.693337679,162.296761,49.783328,46,236,1896,29,2,5,-0.779411765,0.612244898,31,551,520,291,-29,BOTH,STRAIGHT,0,0,8,
lap2_problem_section_v0_1,104.000000,115.000000,3423,320,1780899125.199194670,114.723647118,162.686207,49.801121,48,236,1885,24,2,6,-0.753086420,0.121951220,25,537,512,281,-39,BOTH,STRAIGHT,0,10,8,
lap2_problem_section_v0_1,104.000000,115.000000,3424,321,1780899125.236617088,114.761069536,162.959815,49.874554,57,236,1904,27,3,4,-0.800000000,0.148936170,22,419,397,220,-100,BOTH,STRAIGHT,0,61,115,lane_width_jump
lap2_problem_section_v0_1,104.000000,115.000000,3425,322,1780899125.267341137,114.791793585,163.787344,50.056212,66,236,1931,24,2,5,-0.864864865,0.629629630,23,543,520,283,-37,BOTH,STRAIGHT,0,63,123,lane_width_jump
lap2_problem_section_v0_1,104.000000,115.000000,3426,323,1780899125.298944712,114.823397160,165.134034,50.476048,57,236,1964,27,2,7,-0.780000000,0.129032258,18,326,308,172,-148,BOTH,STRAIGHT,0,111,212,center_jump;lane_width_jump
lap2_problem_section_v0_1,104.000000,115.000000,3427,324,1780899125.335814714,114.860267162,165.889304,50.656291,59,236,1998,29,3,5,-0.941176471,0.636363636,24,538,514,281,-39,BOTH,STRAIGHT,0,109,206,center_jump;lane_width_jump
lap2_problem_section_v0_1,104.000000,115.000000,3428,325,1780899125.367453575,114.891906023,166.141477,50.716067,53,236,2005,27,2,5,-0.914285714,0.120000000,22,209,187,115,-205,BOTH,STRAIGHT,0,166,327,center_jump;lane_width_jump
lap2_problem_section_v0_1,104.000000,115.000000,3429,326,1780899125.403823614,114.928276062,167.057088,50.999763,52,236,2012,26,2,2,-0.872340426,0.653333333,17,533,516,275,-45,BOTH,STRAIGHT,0,160,329,center_jump;lane_width_jump
lap2_problem_section_v0_1,104.000000,115.000000,3430,327,1780899125.435262203,114.959714651,167.811491,51.307308,56,236,1971,27,2,4,-0.928571429,0.125000000,18,103,85,60,-260,BOTH,STRAIGHT,0,215,431,center_jump;lane_width_jump
lap2_problem_section_v0_1,104.000000,115.000000,3431,328,1780899125.467937708,114.992390156,168.282457,51.512430,61,236,1896,25,2,4,-0.888888889,0.153846154,14,120,106,67,-253,BOTH,STRAIGHT,0,7,21,
