segment_name,segment_start_sec,segment_end_sec,frame_idx,processed_idx,bag_abs_time,bag_rel_time,roi_mean,roi_std,roi_min,roi_max,edge_pixel_count,hough_line_count,left_line_count,right_line_count,left_slope,right_slope,lpos,rpos,lane_width,center,center_error,mode,baseline_mode,corner,fail_count,center_jump,lane_width_jump,recovery_used,recovery_success,recovery_left_found,recovery_right_found,recovery_window_px,recovery_reason,local_first_used,local_accept,full_fallback_used,local_reason,v3_full_recheck_used,v3_mismatch,v3_tentative_count,v3_full_recheck_accept,v3_decision,local_left_roi_x0,local_left_roi_x1,local_right_roi_x0,local_right_roi_x1,pred_lpos,pred_rpos,final_source,suspicious_reasons
lap2_problem_section_v3_fixed,105.440000,111.640000,3146,0,1780899115.918930769,105.443383217,100.522543,65.397084,16,235,722,6,2,4,-0.785046729,0.722222222,66,579,513,322,2,BOTH,BOTH,STRAIGHT,0,2,,0,0,0,0,90,no_last_good,0,0,1,no_last_good,0,0,0,0,no_last_good_use_full,,,,,,,FULL_NO_LAST_GOOD,
lap2_problem_section_v3_fixed,105.440000,111.640000,3147,1,1780899115.953891039,105.478343487,99.827017,65.644814,16,236,756,8,3,5,-0.808988764,0.706766917,66,579,513,322,2,BOTH,BOTH,STRAIGHT,0,0,0,1,1,1,1,90,success,1,1,0,success,0,0,0,0,accept_local_stable_both,0,156,489,640,66,579,LOCAL,v3_local_first_used;v3_local_accept
lap2_problem_section_v3_fixed,105.440000,111.640000,3148,2,1780899115.986154795,105.510607243,98.707912,65.640939,16,236,758,12,6,6,-0.789473684,0.720720721,66,580,514,323,3,BOTH,BOTH,STRAIGHT,0,1,1,1,1,1,1,90,success,1,1,0,success,0,0,0,0,accept_local_stable_both,0,156,489,640,66,579,LOCAL,v3_local_first_used;v3_local_accept
lap2_problem_section_v3_fixed,105.440000,111.640000,3149,3,1780899116.017976999,105.542429447,97.460568,65.507324,16,236,840,12,5,7,-0.786324786,0.744186047,66,580,514,323,3,BOTH,BOTH,STRAIGHT,0,0,0,1,1,1,1,90,success,1,1,0,success,0,0,0,0,accept_local_stable_both,0,156,490,640,66,580,LOCAL,v3_local_first_used;v3_local_accept
lap2_problem_section_v3_fixed,105.440000,111.640000,3150,4,1780899116.052480698,105.576933146,96.034517,65.175543,16,236,868,12,5,7,-0.782258065,0.727272727,65,579,514,322,2,BOTH,BOTH,STRAIGHT,0,1,0,1,1,1,1,90,success,1,1,0,success,0,0,0,0,accept_local_stable_both,0,156,490,640,66,580,LOCAL,v3_local_first_used;v3_local_accept
lap2_problem_section_v3_fixed,105.440000,111.640000,3151,5,1780899116.085083008,105.609535456,94.428764,64.574778,16,236,905,17,7,10,-0.782945736,0.753086420,65,579,514,322,2,BOTH,BOTH,STRAIGHT,0,0,0,1,1,1,1,90,success,1,1,0,success,0,0,0,0,accept_local_stable_both,0,155,489,640,65,579,LOCAL,v3_local_first_used;v3_local_accept
lap2_problem_section_v3_fixed,105.440000,111.640000,3152,6,1780899116.121573925,105.646026373,92.481165,63.824269,16,236,919,16,7,9,-0.786885246,0.681318681,63,581,518,322,2,BOTH,BOTH,STRAIGHT,0,0,4,1,1,1,1,90,success,1,1,0,success,0,0,0,0,accept_local_stable_both,0,155,489,640,65,579,LOCAL,v3_local_first_used;v3_local_accept
lap2_problem_section_v3_fixed,105.440000,111.640000,3153,7,1780899116.152004957,105.676457405,90.491420,63.071476,16,236,959,21,10,11,-0.803030303,0.677083333,63,581,518,322,2,BOTH,BOTH,STRAIGHT,0,0,0,1,1,1,1,90,success,1,1,0,success,0,0,0,0,accept_local_stable_both,0,153,491,640,63,581,LOCAL,v3_local_first_used;v3_local_accept
lap2_problem_section_v3_fixed,105.440000,111.640000,3154,8,1780899116.183911800,105.708364248,88.583196,62.435776,16,235,1016,17,9,8,-0.784313725,0.699115044,62,580,518,321,1,BOTH,BOTH,STRAIGHT,0,1,0,1,1,1,1,90,success,1,1,0,success,0,0,0,0,accept_local_stable_both,0,153,491,640,63,581,LOCAL,v3_local_first_used;v3_local_accept
lap2_problem_section_v3_fixed,105.440000,111.640000,3155,9,1780899116.223921537,105.748373985,86.517543,61.536038,16,236,1064,19,10,9,-0.786324786,0.747126437,63,580,517,321,1,BOTH,BOTH,STRAIGHT,0,0,1,1,1,1,1,90,success,1,1,0,success,0,0,0,0,accept_local_stable_both,0,152,490,640,62,580,LOCAL,v3_local_first_used;v3_local_accept
lap2_problem_section_v3_fixed,105.440000,111.640000,3156,10,1780899116.252811193,105.777263641,84.380739,60.520379,16,236,1116,19,9,10,-0.804878049,0.725274725,63,581,518,322,2,BOTH,BOTH,STRAIGHT,0,1,1,1,1,1,1,90,success,1,1,0,success,0,0,0,0,accept_local_stable_both,0,153,490,640,63,580,LOCAL,v3_local_first_used;v3_local_accept
lap2_problem_section_v3_fixed,105.440000,111.640000,3157,11,1780899116.283829927,105.808282375,82.222557,59.442467,16,235,1109,17,9,8,-0.782608696,0.724489796,63,581,518,322,2,BOTH,BOTH,STRAIGHT,0,0,0,1,1,1,1,90,success,1,1,0,success,0,0,0,0,accept_local_stable_both,0,153,491,640,63,581,LOCAL,v3_local_first_used;v3_local_accept
lap2_problem_section_v3_fixed,105.440000,111.640000,3158,12,1780899116.319523573,105.843976021,79.980895,58.314638,16,235,1117,20,11,9,-0.783333333,0.718750000,62,581,519,321,1,BOTH,BOTH,STRAIGHT,0,1,1,1,1,1,1,90,success,1,1,0,success,0,0,0,0,accept_local_stable_both,0,153,491,640,63,581,LOCAL,v3_local_first_used;v3_local_accept
lap2_problem_section_v3_fixed,105.440000,111.640000,3159,13,1780899116.352965832,105.877418280,78.143622,57.282205,16,235,1172,20,12,8,-0.809523810,0.701030928,61,581,520,321,1,BOTH,BOTH,STRAIGHT,0,0,1,1,1,1,1,90,success,1,1,0,success,0,0,0,0,accept_local_stable_both,0,152,491,640,62,581,LOCAL,v3_local_first_used;v3_local_accept
lap2_problem_section_v3_fixed,105.440000,111.640000,3160,14,1780899116.387451649,105.911904097,76.133821,56.199483,16,235,1201,18,10,8,-0.761194030,0.650485437,59,582,523,320,0,BOTH,BOTH,STRAIGHT,0,1,3,1,1,1,1,90,success,1,1,0,success,1,0,0,0,accept_local_full_similar,0,151,491,640,61,581,LOCAL,v3_local_first_used;v3_local_accept
lap2_problem_section_v3_fixed,105.440000,111.640000,3161,15,1780899116.419361115,105.943813562,74.222045,55.163790,16,236,1199,19,11,8,-0.833333333,0.738095238,59,582,523,320,0,BOTH,BOTH,STRAIGHT,0,0,0,1,1,1,1,90,success,1,1,0,success,0,0,0,0,accept_local_no_valid_full,0,149,492,640,59,582,LOCAL,v3_local_first_used;v3_local_accept
lap2_problem_section_v3_fixed,105.440000,111.640000,3162,16,1780899116.452617645,105.977070093,72.293011,53.940918,16,235,1235,19,10,9,-0.782178218,0.774193548,59,583,524,321,1,BOTH,BOTH,STRAIGHT,0,1,1,1,1,1,1,90,success,1,1,0,success,1,1,1,0,hold_local_both_unstable_wait_full_consistency,0,149,492,640,59,582,LOCAL,v3_local_first_used;v3_local_accept;v3_prediction_mismatch
lap2_problem_section_v3_fixed,105.440000,111.640000,3163,17,1780899116.490041256,106.014493704,70.122074,52.705341,16,235,1254,23,13,10,-0.805555556,0.607843137,59,584,525,321,1,BOTH,BOTH,STRAIGHT,0,0,1,1,1,1,1,90,success,1,1,0,success,1,0,0,0,accept_local_full_similar,0,149,493,640,59,583,LOCAL,v3_local_first_used;v3_local_accept
lap2_problem_section_v3_fixed,105.440000,111.640000,3164,18,1780899116.522756815,106.047209263,67.974886,51.272481,16,235,1232,17,8,9,-0.782258065,0.609756098,59,584,525,321,1,BOTH,BOTH,STRAIGHT,0,0,0,1,1,1,1,90,success,1,1,0,success,0,0,0,0,accept_local_no_valid_full,0,149,494,640,59,584,LOCAL,v3_local_first_used;v3_local_accept
lap2_problem_section_v3_fixed,105.440000,111.640000,3165,19,1780899116.552119255,106.076571703,64.839048,50.010546,16,235,1263,21,10,11,-0.786885246,0.785714286,58,583,525,320,0,BOTH,BOTH,STRAIGHT,0,1,0,1,1,1,1,90,success,1,1,0,success,0,0,0,0,accept_local_no_valid_full,0,149,494,640,59,584,LOCAL,v3_local_first_used;v3_local_accept
lap2_problem_section_v3_fixed,105.440000,111.640000,3166,20,1780899116.588615894,106.113068342,62.543196,48.332556,16,236,1275,20,11,9,-0.788461538,0.671875000,57,579,522,318,-2,BOTH,BOTH,STRAIGHT,0,2,3,1,1,1,1,90,success,1,1,0,success,0,0,0,0,accept_local_no_valid_full,0,148,493,640,58,583,LOCAL,v3_local_first_used;v3_local_accept
lap2_problem_section_v3_fixed,105.440000,111.640000,3167,21,1780899116.620085955,106.144538403,60.081875,46.627852,16,235,1290,21,12,9,-0.789473684,0.636363636,57,579,522,318,-2,BOTH,BOTH,STRAIGHT,0,0,0,1,1,1,1,90,success,1,1,0,success,0,0,0,0,accept_local_no_valid_full,0,147,489,640,57,579,LOCAL,v3_local_first_used;v3_local_accept
lap2_problem_section_v3_fixed,105.440000,111.640000,3168,22,1780899116.658535719,106.182988167,57.460540,44.997050,16,235,1308,20,10,10,-0.782051282,0.633333333,57,579,522,318,-2,BOTH,BOTH,STRAIGHT,0,0,0,1,1,1,1,90,success,1,1,0,success,1,0,0,0,accept_local_full_similar,0,147,489,640,57,579,LOCAL,v3_local_first_used;v3_local_accept
lap2_problem_section_v3_fixed,105.440000,111.640000,3169,23,1780899116.689561844,106.214014292,54.935824,43.206863,16,235,1365,23,14,9,-0.781250000,0.646464646,57,578,521,317,-3,BOTH,BOTH,STRAIGHT,0,1,1,1,1,1,1,90,success,1,1,0,success,0,0,0,0,accept_local_no_valid_full,0,147,489,640,57,579,LOCAL,v3_local_first_used;v3_local_accept
lap2_problem_section_v3_fixed,105.440000,111.640000,3170,24,1780899116.721667767,106.246120214,52.317670,41.323945,16,235,1374,23,13,10,-0.791666667,0.694117647,57,578,521,317,-3,BOTH,BOTH,STRAIGHT,0,0,0,1,1,1,1,90,success,1,1,0,success,0,0,0,0,accept_local_no_valid_full,0,147,488,640,57,578,LOCAL,v3_local_first_used;v3_local_accept
lap2_problem_section_v3_fixed,105.440000,111.640000,3171,25,1780899116.758110285,106.282562733,50.008125,39.518636,16,235,1361,24,16,8,-0.800000000,0.628571429,57,577,520,317,-3,BOTH,BOTH,STRAIGHT,0,0,1,1,1,1,1,90,success,1,1,0,success,0,0,0,0,accept_local_stable_both,0,147,488,640,57,578,LOCAL,v3_local_first_used;v3_local_accept
lap2_problem_section_v3_fixed,105.440000,111.640000,3172,26,1780899116.788255692,106.312708139,48.152685,37.623280,16,235,1342,27,15,12,-0.761904762,0.622950820,54,577,523,315,-5,BOTH,BOTH,STRAIGHT,0,2,3,1,1,1,1,90,success,1,1,0,success,0,0,0,0,accept_local_no_valid_full,0,147,487,640,57,577,LOCAL,v3_local_first_used;v3_local_accept
lap2_problem_section_v3_fixed,105.440000,111.640000,3173,27,1780899116.825162172,106.349614620,46.506349,35.799844,16,235,1424,26,15,11,-0.777777778,0.675000000,54,576,522,315,-5,BOTH,BOTH,STRAIGHT,0,0,1,1,1,1,1,90,success,1,1,0,success,0,0,0,0,accept_local_no_valid_full,0,144,487,640,54,577,LOCAL,v3_local_first_used;v3_local_accept
lap2_problem_section_v3_fixed,105.440000,111.640000,3174,28,1780899116.856188774,106.380641222,45.038082,34.013136,16,235,1361,29,20,9,-0.772727273,0.673267327,52,576,524,314,-6,BOTH,BOTH,STRAIGHT,0,1,2,1,1,1,1,90,success,1,1,0,success,0,0,0,0,accept_local_no_valid_full,0,144,486,640,54,576,LOCAL,v3_local_first_used;v3_local_accept
lap2_problem_section_v3_fixed,105.440000,111.640000,3175,29,1780899116.888282537,106.412734985,43.873920,32.384493,16,235,1280,23,13,10,-0.783783784,0.625000000,52,576,524,314,-6,BOTH,BOTH,STRAIGHT,0,0,0,1,1,1,1,90,success,1,1,0,success,0,0,0,0,accept_local_no_valid_full,0,142,486,640,52,576,LOCAL,v3_local_first_used;v3_local_accept
lap2_problem_section_v3_fixed,105.440000,111.640000,3176,30,1780899116.924912691,106.449365139,42.890866,30.822811,16,235,1326,23,14,9,-0.783783784,0.625000000,53,576,523,314,-6,BOTH,BOTH,STRAIGHT,0,0,1,1,1,1,1,90,success,1,1,0,success,0,0,0,0,accept_local_no_valid_full,0,142,486,640,52,576,LOCAL,v3_local_first_used;v3_local_accept
lap2_problem_section_v3_fixed,105.440000,111.640000,3177,31,1780899116.957606316,106.482058764,41.773324,29.454446,16,235,1355,23,12,11,-0.777777778,0.622222222,52,576,524,314,-6,BOTH,BOTH,STRAIGHT,0,0,1,1,1,1,1,90,success,1,1,0,success,0,0,0,0,accept_local_no_valid_full,0,143,486,640,53,576,LOCAL,v3_local_first_used;v3_local_accept
lap2_problem_section_v3_fixed,105.440000,111.640000,3178,32,1780899116.987499952,106.511952400,40.863991,28.386178,16,233,1273,21,10,11,-0.777777778,0.623762376,51,576,525,313,-7,BOTH,BOTH,STRAIGHT,0,1,1,1,1,1,1,90,success,1,1,0,success,0,0,0,0,accept_local_no_valid_full,0,142,486,640,52,576,LOCAL,v3_local_first_used;v3_local_accept
lap2_problem_section_v3_fixed,105.440000,111.640000,3179,33,1780899117.024239302,106.548691750,39.654517,27.448206,16,206,1311,22,11,11,-0.759259259,0.623188406,50,576,526,313,-7,BOTH,BOTH,STRAIGHT,0,0,1,1,1,1,1,90,success,1,1,0,success,0,0,0,0,accept_local_no_valid_full,0,141,486,640,51,576,LOCAL,v3_local_first_used;v3_local_accept
lap2_problem_section_v3_fixed,105.440000,111.640000,3180,34,1780899117.055464029,106.579916477,38.682060,26.436449,16,202,1379,26,13,13,-0.759259259,0.602150538,49,577,528,313,-7,BOTH,BOTH,STRAIGHT,0,0,2,1,1,1,1,90,success,1,1,0,success,0,0,0,0,accept_local_no_valid_full,0,140,486,640,50,576,LOCAL,v3_local_first_used;v3_local_accept
lap2_problem_section_v3_fixed,105.440000,111.640000,3181,35,1780899117.092112303,106.616564751,37.665412,25.533147,16,196,1302,22,10,12,-0.757009346,0.575342466,49,577,528,313,-7,BOTH,BOTH,STRAIGHT,0,0,0,1,1,1,1,90,success,1,1,0,success,0,0,0,0,accept_local_no_valid_full,0,139,487,640,49,577,LOCAL,v3_local_first_used;v3_local_accept
lap2_problem_section_v3_fixed,105.440000,111.640000,3182,36,1780899117.125254631,106.649707079,36.795455,24.618046,16,201,1285,22,11,11,-0.783333333,0.651515152,49,573,524,311,-9,BOTH,BOTH,STRAIGHT,0,2,4,1,1,1,1,90,success,1,1,0,success,0,0,0,0,accept_local_no_valid_full,0,139,487,640,49,577,LOCAL,v3_local_first_used;v3_local_accept
lap2_problem_section_v3_fixed,105.440000,111.640000,3183,37,1780899117.156235456,106.680687904,35.847798,23.726857,16,199,1253,19,9,10,-0.767441860,0.650000000,49,570,521,309,-11,BOTH,BOTH,STRAIGHT,0,2,3,1,1,1,1,90,success,1,1,0,success,0,0,0,0,accept_local_no_valid_full,0,139,483,640,49,573,LOCAL,v3_local_first_used;v3_local_accept
lap2_problem_section_v3_fixed,105.440000,111.640000,3184,38,1780899117.191874266,106.716326714,35.017358,22.780666,16,191,1196,17,9,8,-0.761061947,0.622641509,48,568,520,308,-12,BOTH,BOTH,STRAIGHT,0,1,1,1,1,1,1,90,success,1,1,0,success,0,0,0,0,accept_local_stable_both,0,139,480,640,49,570,LOCAL,v3_local_first_used;v3_local_accept
lap2_problem_section_v3_fixed,105.440000,111.640000,3185,39,1780899117.223500729,106.747953176,34.122386,21.759029,16,185,1173,17,8,9,-0.760683761,0.576923077,47,569,522,308,-12,BOTH,BOTH,STRAIGHT,0,0,2,1,1,1,1,90,success,1,1,0,success,1,0,0,0,accept_local_full_similar,0,138,478,640,48,568,LOCAL,v3_local_first_used;v3_local_accept
lap2_problem_section_v3_fixed,105.440000,111.640000,3186,40,1780899117.255518198,106.779970646,33.299375,20.797359,16,195,1176,17,9,8,-0.773913043,0.623762376,46,565,519,305,-15,BOTH,BOTH,STRAIGHT,0,3,3,1,1,1,1,90,success,1,1,0,success,0,0,0,0,accept_local_stable_both,0,137,479,640,47,569,LOCAL,v3_local_first_used;v3_local_accept
lap2_problem_section_v3_fixed,105.440000,111.640000,3187,41,1780899117.293936253,106.818388700,32.370000,19.628109,16,185,1123,19,6,13,-0.750000000,0.645161290,45,564,519,304,-16,BOTH,BOTH,STRAIGHT,0,1,0,1,1,1,1,90,success,1,1,0,success,0,0,0,0,accept_local_stable_both,0,136,475,640,46,565,LOCAL,v3_local_first_used;v3_local_accept
lap2_problem_section_v3_fixed,105.440000,111.640000,3188,42,1780899117.326393843,106.850846291,31.399205,18.341890,16,191,1102,14,6,8,-0.787234043,0.636363636,45,564,519,304,-16,BOTH,BOTH,STRAIGHT,0,0,0,1,1,1,1,90,success,1,1,0,success,0,0,0,0,accept_local_stable_both,0,135,474,640,45,564,LOCAL,v3_local_first_used;v3_local_accept
lap2_problem_section_v3_fixed,105.440000,111.640000,3189,43,1780899117.361971378,106.886423826,30.844134,17.000971,16,175,1124,18,5,13,-0.769230769,0.611111111,44,564,520,304,-16,BOTH,BOTH,STRAIGHT,0,0,1,1,1,1,1,90,success,1,1,0,success,0,0,0,0,accept_local_stable_both,0,135,474,640,45,564,LOCAL,v3_local_first_used;v3_local_accept
lap2_problem_section_v3_fixed,105.440000,111.640000,3190,44,1780899117.395616055,106.920068502,30.238111,15.848754,16,176,1034,15,5,10,-0.778761062,0.588235294,43,565,522,304,-16,BOTH,BOTH,STRAIGHT,0,0,2,1,1,1,1,90,success,1,1,0,success,1,0,0,0,accept_local_full_similar,0,134,474,640,44,564,LOCAL,v3_local_first_used;v3_local_accept
lap2_problem_section_v3_fixed,105.440000,111.640000,3191,45,1780899117.422928572,106.947381020,29.712926,14.710452,16,183,1021,16,5,11,-0.785714286,0.646341463,43,562,519,302,-18,BOTH,BOTH,STRAIGHT,0,2,3,1,1,1,1,90,success,1,1,0,success,0,0,0,0,accept_local_stable_both,0,133,475,640,43,565,LOCAL,v3_local_first_used;v3_local_accept
lap2_problem_section_v3_fixed,105.440000,111.640000,3192,46,1780899117.459341526,106.983793974,29.418892,13.622652,16,174,987,11,3,8,-0.787878788,0.648648649,42,560,518,301,-19,BOTH,BOTH,STRAIGHT,0,1,1,1,1,1,1,90,success,1,1,0,success,0,0,0,0,accept_local_stable_both,0,133,472,640,43,562,LOCAL,v3_local_first_used;v3_local_accept
lap2_problem_section_v3_fixed,105.440000,111.640000,3193,47,1780899117.491887808,107.016340256,28.832372,12.628156,16,170,1004,15,4,11,-0.783018868,0.620689655,40,560,520,300,-20,BOTH,BOTH,STRAIGHT,0,1,2,1,1,1,1,90,success,1,1,0,success,0,0,0,0,accept_local_stable_both,0,132,470,640,42,560,LOCAL,v3_local_first_used;v3_local_accept
lap2_problem_section_v3_fixed,105.440000,111.640000,3194,48,1780899117.523783684,107.048236132,28.511293,11.667748,16,165,988,14,5,9,-0.808510638,0.566666667,40,562,522,301,-19,BOTH,BOTH,STRAIGHT,0,1,2,1,1,1,1,90,success,1,1,0,success,1,0,0,0,accept_local_full_similar,0,130,470,640,40,560,LOCAL,v3_local_first_used;v3_local_accept
lap2_problem_section_v3_fixed,105.440000,111.640000,3195,49,1780899117.558941841,107.083394289,28.229773,10.746870,16,153,929,11,4,7,-0.778947368,0.622807018,38,556,518,297,-23,BOTH,BOTH,STRAIGHT,0,4,4,1,1,1,1,90,success,1,1,0,success,0,0,0,0,accept_local_stable_both,0,130,472,640,40,562,LOCAL,v3_local_first_used;v3_local_accept
lap2_problem_section_v3_fixed,105.440000,111.640000,3196,50,1780899117.592744350,107.117196798,27.997528,9.969581,16,140,945,16,4,12,-0.833333333,0.605263158,38,556,518,297,-23,BOTH,BOTH,STRAIGHT,0,0,0,1,1,1,1,90,success,1,1,0,success,0,0,0,0,accept_local_stable_both,0,128,466,640,38,556,LOCAL,v3_local_first_used;v3_local_accept
lap2_problem_section_v3_fixed,105.440000,111.640000,3197,51,1780899117.628523588,107.152976036,27.632685,9.260130,16,112,911,14,6,8,-0.846153846,0.623529412,38,555,517,296,-24,BOTH,BOTH,STRAIGHT,0,1,1,1,1,1,1,90,success,1,1,0,success,0,0,0,0,accept_local_stable_both,0,128,466,640,38,556,LOCAL,v3_local_first_used;v3_local_accept
lap2_problem_section_v3_fixed,105.440000,111.640000,3198,52,1780899117.662224531,107.186676979,27.682486,8.824472,16,111,933,12,3,9,-0.812500000,0.623655914,36,554,518,295,-25,BOTH,BOTH,STRAIGHT,0,1,1,1,1,1,1,90,success,1,1,0,success,0,0,0,0,accept_local_stable_both,0,128,465,640,38,555,LOCAL,v3_local_first_used;v3_local_accept
lap2_problem_section_v3_fixed,105.440000,111.640000,3199,53,1780899117.693482876,107.217935324,27.296023,8.518924,16,79,862,13,4,9,-0.811764706,0.624060150,35,552,517,293,-27,BOTH,BOTH,STRAIGHT,0,2,1,1,1,1,1,90,success,1,1,0,success,0,0,0,0,accept_local_stable_both,0,126,464,640,36,554,LOCAL,v3_local_first_used;v3_local_accept
lap2_problem_section_v3_fixed,105.440000,111.640000,3200,54,1780899117.730679989,107.255132437,27.301023,8.365613,16,73,860,16,4,12,-0.841269841,0.622807018,35,551,516,293,-27,BOTH,RIGHT,STRAIGHT,0,0,1,1,1,1,1,90,success,1,1,0,success,0,0,0,0,accept_local_stable_both,0,125,462,640,35,552,LOCAL,v3_local_first_used;v3_local_accept
lap2_problem_section_v3_fixed,105.440000,111.640000,3201,55,1780899117.761324644,107.285777092,26.909148,8.221002,16,74,873,14,5,9,-0.837837838,0.623655914,33,551,518,292,-28,BOTH,RIGHT,STRAIGHT,0,1,2,1,1,1,1,90,success,1,1,0,success,0,0,0,0,accept_local_stable_both,0,125,461,640,35,551,LOCAL,v3_local_first_used;v3_local_accept
lap2_problem_section_v3_fixed,105.440000,111.640000,3202,56,1780899117.792197943,107.316650391,27.047756,8.055716,16,75,852,12,3,9,-0.842105263,0.666666667,31,551,520,291,-29,BOTH,RIGHT,STRAIGHT,0,1,2,1,1,1,1,90,success,1,1,0,success,0,0,0,0,accept_local_stable_both,0,123,461,640,33,551,LOCAL,v3_local_first_used;v3_local_accept
lap2_problem_section_v3_fixed,105.440000,111.640000,3203,57,1780899117.828613520,107.353065968,26.817074,8.029337,16,75,804,12,4,8,-0.863636364,0.666666667,31,551,520,291,-29,BOTH,RIGHT,STRAIGHT,0,0,0,1,1,1,1,90,success,1,1,0,success,0,0,0,0,accept_local_stable_both,0,121,461,640,31,551,LOCAL,v3_local_first_used;v3_local_accept
lap2_problem_section_v3_fixed,105.440000,111.640000,3204,58,1780899117.860447168,107.384899616,26.639119,8.004278,16,77,929,17,9,8,-0.872727273,0.650485437,31,550,519,290,-30,BOTH,RIGHT,STRAIGHT,0,1,1,1,1,1,1,90,success,1,1,0,success,0,0,0,0,accept_local_stable_both,0,121,461,640,31,551,LOCAL,v3_local_first_used;v3_local_accept
lap2_problem_section_v3_fixed,105.440000,111.640000,3205,59,1780899117.896301985,107.420754433,26.584432,7.884722,16,76,908,14,5,9,-0.867647059,0.625000000,33,550,517,291,-29,BOTH,RIGHT,STRAIGHT,0,1,2,1,1,1,1,90,success,1,1,0,success,0,0,0,0,accept_local_stable_both,0,121,460,640,31,550,LOCAL,v3_local_first_used;v3_local_accept
lap2_problem_section_v3_fixed,105.440000,111.640000,3206,60,1780899117.929931164,107.454383612,26.500426,7.816289,16,77,867,16,7,9,-0.868852459,0.650000000,33,549,516,291,-29,BOTH,RIGHT,STRAIGHT,0,0,1,1,1,1,1,90,success,1,1,0,success,0,0,0,0,accept_local_stable_both,0,123,460,640,33,550,LOCAL,v3_local_first_used;v3_local_accept
lap2_problem_section_v3_fixed,105.440000,111.640000,3207,61,1780899117.959368229,107.483820677,26.567017,7.835862,16,79,851,16,7,9,-0.904761905,0.623931624,32,548,516,290,-30,BOTH,RIGHT,STRAIGHT,0,1,0,1,1,1,1,90,success,1,1,0,success,0,0,0,0,accept_local_stable_both,0,123,459,639,33,549,LOCAL,v3_local_first_used;v3_local_accept
lap2_problem_section_v3_fixed,105.440000,111.640000,3208,62,1780899117.995633602,107.520086050,26.591207,7.842687,16,78,809,17,5,12,-0.906976744,0.625000000,32,548,516,290,-30,BOTH,RIGHT,STRAIGHT,0,0,0,1,1,1,1,90,success,1,1,0,success,0,0,0,0,accept_local_stable_both,0,122,458,638,32,548,LOCAL,v3_local_first_used;v3_local_accept
lap2_problem_section_v3_fixed,105.440000,111.640000,3209,63,1780899118.027787924,107.552240372,26.422045,7.872184,16,77,833,11,3,8,-0.900000000,0.622047244,32,548,516,290,-30,BOTH,RIGHT,STRAIGHT,0,0,0,1,1,1,1,90,success,1,1,0,success,0,0,0,0,accept_local_stable_both,0,122,458,638,32,548,LOCAL,v3_local_first_used;v3_local_accept
lap2_problem_section_v3_fixed,105.440000,111.640000,3210,64,1780899118.064981699,107.589434147,26.509844,7.914866,16,77,828,13,4,9,-0.846153846,0.645833333,32,548,516,290,-30,BOTH,NONE,STRAIGHT,0,0,0,1,1,1,1,90,success,1,1,0,success,0,0,0,0,accept_local_stable_both,0,122,458,638,32,548,LOCAL,v3_local_first_used;v3_local_accept
lap2_problem_section_v3_fixed,105.440000,111.640000,3211,65,1780899118.095094919,107.619547367,26.500028,8.016071,16,79,770,16,6,10,-0.886363636,0.600000000,32,551,519,291,-29,BOTH,NONE,STRAIGHT,0,1,3,1,1,1,1,90,success,1,1,0,success,0,0,0,0,accept_local_stable_both,0,122,458,638,32,548,LOCAL,v3_local_first_used;v3_local_accept
lap2_problem_section_v3_fixed,105.440000,111.640000,3212,66,1780899118.127860069,107.652312517,26.599744,8.158558,16,80,770,13,4,9,-0.897435897,0.650000000,33,551,518,292,-28,BOTH,NONE,STRAIGHT,0,1,1,1,1,1,1,90,success,1,1,0,success,0,0,0,0,accept_local_stable_both,0,122,461,640,32,551,LOCAL,v3_local_first_used;v3_local_accept
lap2_problem_section_v3_fixed,105.440000,111.640000,3213,67,1780899118.165196896,107.689649343,26.480000,8.157473,16,82,730,14,4,10,-0.897959184,0.623853211,34,550,516,292,-28,BOTH,NONE,STRAIGHT,0,0,2,1,1,1,1,90,success,1,1,0,success,0,0,0,0,accept_local_stable_both,0,123,461,640,33,551,LOCAL,v3_local_first_used;v3_local_accept
lap2_problem_section_v3_fixed,105.440000,111.640000,3214,68,1780899118.195801497,107.720253944,26.539872,8.227973,16,84,690,15,5,10,-0.904761905,0.648648649,35,551,516,293,-27,BOTH,NONE,STRAIGHT,0,1,0,1,1,1,1,90,success,1,1,0,success,0,0,0,0,accept_local_stable_both,0,124,460,640,34,550,LOCAL,v3_local_first_used;v3_local_accept
lap2_problem_section_v3_fixed,105.440000,111.640000,3215,69,1780899118.227777004,107.752229452,26.509858,8.203572,16,83,643,11,2,9,-0.902439024,0.600000000,33,551,518,292,-28,BOTH,NONE,STRAIGHT,0,1,2,1,1,1,1,90,success,1,1,0,success,0,0,0,0,accept_local_stable_both,0,125,461,640,35,551,LOCAL,v3_local_first_used;v3_local_accept
lap2_problem_section_v3_fixed,105.440000,111.640000,3216,70,1780899118.262741327,107.787193775,26.571037,8.155421,16,80,647,12,4,8,-0.894736842,0.608695652,33,551,518,292,-28,BOTH,NONE,STRAIGHT,0,0,0,1,1,1,1,90,success,1,1,0,success,0,0,0,0,accept_local_stable_both,0,123,461,640,33,551,LOCAL,v3_local_first_used;v3_local_accept
lap2_problem_section_v3_fixed,105.440000,111.640000,3217,71,1780899118.294864416,107.819316864,26.475625,8.221005,16,82,639,12,3,9,-0.896551724,0.649572650,33,552,519,292,-28,BOTH,NONE,STRAIGHT,0,0,1,1,1,1,1,90,success,1,1,0,success,0,0,0,0,accept_local_stable_both,0,123,461,640,33,551,LOCAL,v3_local_first_used;v3_local_accept
lap2_problem_section_v3_fixed,105.440000,111.640000,3218,72,1780899118.331521511,107.855973959,26.473011,8.245969,16,81,643,10,3,7,-0.900000000,0.642857143,33,552,519,292,-28,BOTH,NONE,STRAIGHT,0,0,0,1,1,1,1,90,success,1,1,0,success,0,0,0,0,accept_local_stable_both,0,123,462,640,33,552,LOCAL,v3_local_first_used;v3_local_accept
lap2_problem_section_v3_fixed,105.440000,111.640000,3219,73,1780899118.362819672,107.887272120,26.595739,8.467031,16,82,637,14,4,10,-1.000000000,0.647058824,33,554,521,293,-27,BOTH,NONE,STRAIGHT,0,1,2,1,1,1,1,90,success,1,1,0,success,0,0,0,0,accept_local_no_valid_full,0,123,462,640,33,552,LOCAL,v3_local_first_used;v3_local_accept
lap2_problem_section_v3_fixed,105.440000,111.640000,3220,74,1780899118.395777941,107.920230389,26.682415,8.511342,17,83,612,11,4,7,-0.920000000,0.620689655,33,554,521,293,-27,BOTH,NONE,STRAIGHT,0,0,0,1,1,1,1,90,success,1,1,0,success,0,0,0,0,accept_local_no_valid_full,0,123,464,640,33,554,LOCAL,v3_local_first_used;v3_local_accept
lap2_problem_section_v3_fixed,105.440000,111.640000,3221,75,1780899118.431970596,107.956423044,26.874503,8.551316,18,84,607,12,3,9,-0.941176471,0.621621622,33,556,523,294,-26,BOTH,NONE,STRAIGHT,0,1,2,1,1,1,1,90,success,1,1,0,success,0,0,0,0,accept_local_no_valid_full,0,123,464,640,33,554,LOCAL,v3_local_first_used;v3_local_accept
lap2_problem_section_v3_fixed,105.440000,111.640000,3222,76,1780899118.462742090,107.987194538,27.035568,8.614271,17,84,594,13,4,9,-1.153846154,0.623853211,29,557,528,223,-97,BOTH,NONE,LEFT,0,71,5,1,1,1,1,90,success,1,1,0,success,0,0,0,0,accept_local_no_valid_full,0,123,466,640,33,556,LOCAL,v3_local_first_used;v3_local_accept
lap2_problem_section_v3_fixed,105.440000,111.640000,3223,77,1780899118.495527506,108.019979954,26.745938,8.655401,17,84,568,12,2,10,-1.096774194,0.600000000,24,558,534,291,-29,BOTH,NONE,STRAIGHT,0,68,6,1,1,1,1,90,success,1,1,0,success,0,0,0,0,accept_local_no_valid_full,0,119,467,640,29,557,LOCAL,v3_local_first_used;v3_local_accept
lap2_problem_section_v3_fixed,105.440000,111.640000,3224,78,1780899118.531471491,108.055923939,26.787685,8.755527,17,84,580,11,2,9,-1.071428571,0.644859813,24,558,534,291,-29,BOTH,NONE,STRAIGHT,0,0,0,1,1,1,1,90,success,1,1,0,success,0,0,0,0,accept_local_no_valid_full,0,114,468,640,24,558,LOCAL,v3_local_first_used;v3_local_accept
lap2_problem_section_v3_fixed,105.440000,111.640000,3225,79,1780899118.562907457,108.087359905,27.025881,8.864490,16,86,575,9,2,7,-1.085714286,0.625000000,24,558,534,291,-29,BOTH,NONE,STRAIGHT,0,0,0,1,1,1,1,90,success,1,1,0,success,0,0,0,0,accept_local_no_valid_full,0,114,468,640,24,558,LOCAL,v3_local_first_used;v3_local_accept
lap2_problem_section_v3_fixed,105.440000,111.640000,3226,80,1780899118.601916790,108.126369238,27.038210,8.934879,16,85,589,11,2,9,-1.147058824,0.627906977,25,558,533,291,-29,BOTH,NONE,STRAIGHT,0,0,1,1,1,1,1,90,success,1,1,0,success,0,0,0,0,accept_local_no_valid_full,0,114,468,640,24,558,LOCAL,v3_local_first_used;v3_local_accept
lap2_problem_section_v3_fixed,105.440000,111.640000,3227,81,1780899118.632880449,108.157332897,26.819957,9.026924,16,84,586,9,2,7,-1.000000000,0.645833333,22,560,538,291,-29,BOTH,NONE,STRAIGHT,0,0,5,1,1,1,1,90,success,1,1,0,success,0,0,0,0,accept_local_no_valid_full,0,115,468,640,25,558,LOCAL,v3_local_first_used;v3_local_accept
lap2_problem_section_v3_fixed,105.440000,111.640000,3228,82,1780899118.664240122,108.188692570,26.871037,9.136534,17,85,540,10,1,9,-1.250000000,0.625000000,28,559,531,223,-97,BOTH,NONE,LEFT,0,68,7,1,1,1,1,90,success,1,1,0,success,0,0,0,0,accept_local_no_valid_full,0,112,470,640,22,560,LOCAL,v3_local_first_used;v3_local_accept
lap2_problem_section_v3_fixed,105.440000,111.640000,3229,83,1780899118.700647116,108.225099564,27.203239,9.280256,16,86,541,8,1,7,-1.333333333,0.576923077,30,561,531,225,-95,BOTH,NONE,LEFT,0,2,0,1,1,1,1,90,success,1,1,0,success,0,0,0,0,accept_local_no_valid_full,0,118,469,640,28,559,LOCAL,v3_local_first_used;v3_local_accept
lap2_problem_section_v3_fixed,105.440000,111.640000,3230,84,1780899118.732601643,108.257054090,27.275355,9.448316,17,85,553,9,1,8,-1.250000000,0.576576577,28,561,533,224,-96,BOTH,NONE,LEFT,0,1,2,1,1,1,1,90,success,1,1,0,success,0,0,0,0,accept_local_no_valid_full,0,120,471,640,30,561,LOCAL,v3_local_first_used;v3_local_accept
lap2_problem_section_v3_fixed,105.440000,111.640000,3231,85,1780899118.763970852,108.288423300,27.359418,9.558683,16,86,550,11,1,10,-1.210526316,0.600000000,26,562,536,224,-96,BOTH,NONE,LEFT,0,0,3,1,1,1,1,90,success,1,1,0,success,0,0,0,0,accept_local_no_valid_full,0,118,471,640,28,561,LOCAL,v3_local_first_used;v3_local_accept
lap2_problem_section_v3_fixed,105.440000,111.640000,3232,86,1780899118.801489115,108.325941563,27.480327,9.584855,17,86,562,10,1,9,-1.285714286,0.607142857,27,563,536,225,-95,BOTH,NONE,LEFT,0,1,0,1,1,1,1,90,success,1,1,0,success,0,0,0,0,accept_local_no_valid_full,0,116,472,640,26,562,LOCAL,v3_local_first_used;v3_local_accept
lap2_problem_section_v3_fixed,105.440000,111.640000,3233,87,1780899118.833215714,108.357668161,27.552457,9.712159,17,88,544,11,1,10,-1.217391304,0.657142857,24,567,543,225,-95,BOTH,NONE,LEFT,0,0,7,1,1,1,1,90,success,1,1,0,success,0,0,0,0,accept_local_no_valid_full,0,117,473,640,27,563,LOCAL,v3_local_first_used;v3_local_accept
lap2_problem_section_v3_fixed,105.440000,111.640000,3234,88,1780899118.869791508,108.394243956,27.934602,9.994785,17,88,535,9,2,7,-1.153846154,0.575342466,23,567,544,225,-95,BOTH,NONE,LEFT,0,0,1,1,1,1,1,90,success,1,1,0,success,0,0,0,0,accept_local_no_valid_full,0,114,477,640,24,567,LOCAL,v3_local_first_used;v3_local_accept
lap2_problem_section_v3_fixed,105.440000,111.640000,3235,89,1780899118.901304007,108.425756454,28.015469,10.399482,16,90,544,10,2,8,-1.217391304,0.621359223,26,566,540,226,-94,BOTH,NONE,LEFT,0,1,4,1,1,1,1,90,success,1,1,0,success,0,0,0,0,accept_local_no_valid_full,0,113,477,640,23,567,LOCAL,v3_local_first_used;v3_local_accept
lap2_problem_section_v3_fixed,105.440000,111.640000,3236,90,1780899118.931888819,108.456341267,28.321165,10.497668,18,92,550,11,2,9,-1.227272727,0.555555556,26,566,540,226,-94,BOTH,NONE,LEFT,0,0,0,1,1,1,1,90,success,1,1,0,success,0,0,0,0,accept_local_no_valid_full,0,116,476,640,26,566,LOCAL,v3_local_first_used;v3_local_accept
lap2_problem_section_v3_fixed,105.440000,111.640000,3237,91,1780899118.968499422,108.492951870,28.370682,10.496918,16,92,561,9,2,7,-1.277777778,0.623655914,26,566,540,226,-94,BOTH,NONE,LEFT,0,0,0,1,1,1,1,90,success,1,1,0,success,0,0,0,0,accept_local_no_valid_full,0,116,476,640,26,566,LOCAL,v3_local_first_used;v3_local_accept
lap2_problem_section_v3_fixed,105.440000,111.640000,3238,92,1780899118.999143362,108.523595810,28.501420,10.555620,17,91,512,9,1,8,-1.421052632,0.600000000,28,568,540,228,-92,BOTH,NONE,LEFT,0,2,0,1,1,1,1,90,success,1,1,0,success,0,0,0,0,accept_local_no_valid_full,0,116,476,640,26,566,LOCAL,v3_local_first_used;v3_local_accept
lap2_problem_section_v3_fixed,105.440000,111.640000,3239,93,1780899119.036871910,108.561324358,28.378835,10.765705,17,92,514,9,1,8,-1.333333333,0.550000000,27,569,542,228,-92,BOTH,NONE,LEFT,0,0,2,1,1,1,1,90,success,1,1,0,success,0,0,0,0,accept_local_no_valid_full,0,118,478,640,28,568,LOCAL,v3_local_first_used;v3_local_accept
lap2_problem_section_v3_fixed,105.440000,111.640000,3240,94,1780899119.068634987,108.593087435,28.505938,10.898389,16,91,524,10,1,9,-1.533333333,0.600000000,30,572,542,231,-89,BOTH,NONE,LEFT,0,3,0,1,1,1,1,90,success,1,1,0,success,0,0,0,0,accept_local_no_valid_full,0,117,479,640,27,569,LOCAL,v3_local_first_used;v3_local_accept
lap2_problem_section_v3_fixed,105.440000,111.640000,3241,95,1780899119.098753214,108.623205662,28.306051,10.833084,18,94,515,8,1,7,-1.285714286,0.571428571,24,574,550,229,-91,BOTH,NONE,LEFT,0,2,8,1,1,1,1,90,success,1,1,0,success,0,0,0,0,accept_local_no_valid_full,0,120,482,640,30,572,LOCAL,v3_local_first_used;v3_local_accept
lap2_problem_section_v3_fixed,105.440000,111.640000,3242,96,1780899119.138428211,108.662880659,28.715199,11.049804,17,94,523,11,2,9,-1.280000000,0.583333333,23,574,551,228,-92,BOTH,NONE,LEFT,0,1,1,1,1,1,1,90,success,1,1,0,success,0,0,0,0,accept_local_no_valid_full,0,114,484,640,24,574,LOCAL,v3_local_first_used;v3_local_accept
lap2_problem_section_v3_fixed,105.440000,111.640000,3243,97,1780899119.170402527,108.694854975,28.667599,11.135566,16,95,525,11,2,9,-1.296296296,0.538461538,23,577,554,230,-90,BOTH,NONE,LEFT,0,2,3,1,1,1,1,90,success,1,1,0,success,0,0,0,0,accept_local_no_valid_full,0,113,484,640,23,574,LOCAL,v3_local_first_used;v3_local_accept
lap2_problem_section_v3_fixed,105.440000,111.640000,3244,98,1780899119.200842142,108.725294590,28.810682,11.277422,17,95,504,7,1,6,-1.222222222,0.590361446,21,578,557,229,-91,BOTH,NONE,LEFT,0,1,3,1,1,1,1,90,success,1,1,0,success,0,0,0,0,accept_local_no_valid_full,0,113,487,640,23,577,LOCAL,v3_local_first_used;v3_local_accept
lap2_problem_section_v3_fixed,105.440000,111.640000,3245,99,1780899119.237714767,108.762167215,29.008750,11.469827,16,97,544,12,2,10,-1.363636364,0.527777778,23,578,555,230,-90,BOTH,NONE,LEFT,0,1,2,1,1,1,1,90,success,1,1,0,success,0,0,0,0,accept_local_no_valid_full,0,111,488,640,21,578,LOCAL,v3_local_first_used;v3_local_accept
lap2_problem_section_v3_fixed,105.440000,111.640000,3246,100,1780899119.271024704,108.795477152,29.081719,11.404624,17,95,532,12,1,11,-1.280000000,0.531914894,21,578,557,229,-91,BOTH,NONE,LEFT,0,1,2,1,1,1,1,90,success,1,1,0,success,0,0,0,0,accept_local_no_valid_full,0,113,488,640,23,578,LOCAL,v3_local_first_used;v3_local_accept
lap2_problem_section_v3_fixed,105.440000,111.640000,3247,101,1780899119.304440737,108.828893185,29.318281,11.483084,17,96,528,10,3,7,-1.320000000,0.590909091,20,578,558,229,-91,BOTH,NONE,LEFT,0,0,1,1,1,1,1,90,success,1,1,0,success,0,0,0,0,accept_local_no_valid_full,0,111,488,640,21,578,LOCAL,v3_local_first_used;v3_local_accept
lap2_problem_section_v3_fixed,105.440000,111.640000,3248,102,1780899119.337234735,108.861687183,29.492685,11.655154,17,96,552,12,1,11,-1.304347826,0.500000000,20,577,557,228,-92,BOTH,NONE,LEFT,0,1,1,1,1,1,1,90,success,1,1,0,success,0,0,0,0,accept_local_no_valid_full,0,110,488,640,20,578,LOCAL,v3_local_first_used;v3_local_accept
lap2_problem_section_v3_fixed,105.440000,111.640000,3249,103,1780899119.367237806,108.891690254,29.422656,11.831087,16,101,548,9,1,8,-1.588235294,0.506666667,24,577,553,230,-90,BOTH,NONE,LEFT,0,2,4,1,1,1,1,90,success,1,1,0,success,0,0,0,0,accept_local_no_valid_full,0,110,487,640,20,577,LOCAL,v3_local_first_used;v3_local_accept
lap2_problem_section_v3_fixed,105.440000,111.640000,3250,104,1780899119.405404568,108.929857016,29.658480,12.045051,17,98,537,9,2,7,-1.350000000,0.547619048,21,576,555,228,-92,BOTH,NONE,LEFT,0,2,2,1,1,1,1,90,success,1,1,0,success,0,0,0,0,accept_local_no_valid_full,0,114,487,640,24,577,LOCAL,v3_local_first_used;v3_local_accept
lap2_problem_section_v3_fixed,105.440000,111.640000,3251,105,1780899119.436339140,108.960791588,30.045881,12.294753,18,101,538,7,1,6,-1.565217391,0.551724138,22,577,555,229,-91,BOTH,NONE,LEFT,0,1,0,1,1,1,1,90,success,1,1,0,success,0,0,0,0,accept_local_no_valid_full,0,111,486,640,21,576,LOCAL,v3_local_first_used;v3_local_accept
lap2_problem_section_v3_fixed,105.440000,111.640000,3252,106,1780899119.468293905,108.992746353,30.226619,12.450173,17,102,546,7,1,6,-1.800000000,0.528301887,25,576,551,230,-90,BOTH,NONE,LEFT,0,1,4,1,1,1,1,90,success,1,1,0,success,0,0,0,0,accept_local_no_valid_full,0,112,487,640,22,577,LOCAL,v3_local_first_used;v3_local_accept
lap2_problem_section_v3_fixed,105.440000,111.640000,3253,107,1780899119.504354715,109.028807163,30.470597,12.599864,16,100,559,7,0,7,,0.550724638,,579,,302,-18,RIGHT,NONE,STRAIGHT,0,72,,1,1,0,1,90,success,1,1,0,success,0,0,0,0,accept_local_no_valid_full,0,115,486,640,25,576,LOCAL,v3_local_first_used;v3_local_accept
lap2_problem_section_v3_fixed,105.440000,111.640000,3254,108,1780899119.536018610,109.060471058,30.462599,12.651836,17,104,559,9,1,8,-1.454545455,0.511627907,18,577,559,227,-93,BOTH,NONE,LEFT,0,75,8,1,1,1,1,90,success,1,1,0,success,0,0,0,0,accept_local_no_valid_full,0,115,486,640,25,576,LOCAL,v3_local_first_used;v3_local_accept
lap2_problem_section_v3_fixed,105.440000,111.640000,3255,109,1780899119.573276281,109.097728729,30.483239,12.636994,16,106,552,10,1,9,-2.272727273,0.467889908,27,577,550,232,-88,BOTH,NONE,LEFT,0,5,9,1,1,1,1,90,success,1,1,0,success,0,0,0,0,accept_local_no_valid_full,0,108,487,640,18,577,LOCAL,v3_local_first_used;v3_local_accept
lap2_problem_section_v3_fixed,105.440000,111.640000,3256,110,1780899119.604254723,109.128707170,30.570000,12.743343,16,110,513,6,0,6,,0.463636364,,577,,300,-20,RIGHT,NONE,STRAIGHT,0,68,,1,1,0,1,90,success,1,1,0,success,0,0,0,0,accept_local_no_valid_full,0,117,487,640,27,577,LOCAL,v3_local_first_used;v3_local_accept
lap2_problem_section_v3_fixed,105.440000,111.640000,3257,111,1780899119.636390448,109.160842896,30.857273,12.960098,16,117,471,7,0,7,,0.484536082,,576,,299,-21,RIGHT,NONE,STRAIGHT,0,1,,1,1,0,1,90,success,1,1,0,success,0,0,0,0,accept_local_no_valid_full,0,117,487,640,27,577,LOCAL,v3_local_first_used;v3_local_accept
lap2_problem_section_v3_fixed,105.440000,111.640000,3258,112,1780899119.672055721,109.196508169,31.311563,13.519134,17,119,476,7,1,6,,0.490000000,,575,,298,-22,RIGHT,LEFT,STRAIGHT,0,1,,1,1,0,1,90,success,1,1,0,success,0,0,0,0,accept_local_no_valid_full,0,117,487,640,27,577,LOCAL,v3_local_first_used;v3_local_accept
lap2_problem_section_v3_fixed,105.440000,111.640000,3259,113,1780899119.704487562,109.228940010,31.575412,13.818608,16,121,478,7,1,6,,0.446428571,,578,,301,-19,RIGHT,LEFT,STRAIGHT,0,3,,1,1,0,1,90,success,1,1,0,success,0,0,0,0,accept_local_no_valid_full,0,117,487,640,27,577,LOCAL,v3_local_first_used;v3_local_accept
lap2_problem_section_v3_fixed,105.440000,111.640000,3260,114,1780899119.736455441,109.260907888,31.835327,14.208237,18,126,479,7,1,6,,0.487179487,,573,,296,-24,RIGHT,LEFT,STRAIGHT,0,5,,1,1,0,1,90,success,1,1,0,success,0,0,0,0,accept_local_no_valid_full,0,117,487,640,27,577,LOCAL,v3_local_first_used;v3_local_accept
lap2_problem_section_v3_fixed,105.440000,111.640000,3261,115,1780899119.772678852,109.297131300,32.090398,14.256877,16,130,479,9,1,8,,0.490384615,,575,,298,-22,RIGHT,LEFT,STRAIGHT,0,2,,1,1,0,1,90,success,1,1,0,success,0,0,0,0,accept_local_no_valid_full,0,117,487,640,27,577,LOCAL,v3_local_first_used;v3_local_accept
lap2_problem_section_v3_fixed,105.440000,111.640000,3262,116,1780899119.803780317,109.328232765,32.261009,14.556182,16,131,473,9,2,7,,0.465116279,,578,,301,-19,RIGHT,NONE,STRAIGHT,0,3,,1,1,0,1,90,success,1,1,0,success,0,0,0,0,accept_local_no_valid_full,0,117,487,640,27,577,LOCAL,v3_local_first_used;v3_local_accept
lap2_problem_section_v3_fixed,105.440000,111.640000,3263,117,1780899119.839618683,109.364071131,32.479801,14.695199,17,132,484,8,1,7,,0.505882353,,577,,300,-20,RIGHT,LEFT,STRAIGHT,0,1,,1,1,0,1,90,success,1,1,0,success,0,0,0,0,accept_local_no_valid_full,0,117,487,640,27,577,LOCAL,v3_local_first_used;v3_local_accept
lap2_problem_section_v3_fixed,105.440000,111.640000,3264,118,1780899119.871775150,109.396227598,32.721960,14.810867,17,137,478,8,1,7,,0.505263158,,578,,301,-19,RIGHT,NONE,STRAIGHT,0,1,,1,1,0,1,90,success,1,1,0,success,0,0,0,0,accept_local_no_valid_full,0,117,487,640,27,577,LOCAL,v3_local_first_used;v3_local_accept
lap2_problem_section_v3_fixed,105.440000,111.640000,3265,119,1780899119.904922724,109.429375172,33.073778,15.291963,16,136,507,10,2,8,-2.181818182,0.473684211,26,576,550,231,-89,BOTH,LEFT,LEFT,0,70,0,1,1,1,1,90,success,1,1,0,success,0,0,0,0,accept_local_no_valid_full,0,117,487,640,27,577,LOCAL,v3_local_first_used;v3_local_accept
lap2_problem_section_v3_fixed,105.440000,111.640000,3266,120,1780899119.938918591,109.463371038,33.370511,15.580576,16,145,537,7,2,5,-2.300000000,0.445945946,26,577,551,231,-89,BOTH,LEFT,LEFT,0,0,1,1,1,1,1,90,success,1,1,0,success,0,0,0,0,accept_local_no_valid_full,0,116,486,640,26,576,LOCAL,v3_local_first_used;v3_local_accept
lap2_problem_section_v3_fixed,105.440000,111.640000,3267,121,1780899119.972415686,109.496868134,33.604616,15.843171,17,146,560,10,4,6,-2.083333333,0.444444444,23,574,551,228,-92,BOTH,BOTH,LEFT,0,3,0,1,1,1,1,90,success,1,1,0,success,0,0,0,0,accept_local_no_valid_full,0,116,487,640,26,577,LOCAL,v3_local_first_used;v3_local_accept
lap2_problem_section_v3_fixed,105.440000,111.640000,3268,122,1780899120.011414051,109.535866499,33.981491,16.055489,16,145,556,9,3,6,-2.500000000,0.518518519,24,574,550,229,-91,BOTH,BOTH,LEFT,0,1,1,1,1,1,1,90,success,1,1,0,success,0,0,0,0,accept_local_no_valid_full,0,113,484,640,23,574,LOCAL,v3_local_first_used;v3_local_accept
lap2_problem_section_v3_fixed,105.440000,111.640000,3269,123,1780899120.041455984,109.565908432,34.369119,16.200787,17,145,565,8,3,5,-2.076923077,0.507462687,20,572,552,226,-94,BOTH,LEFT,LEFT,0,3,2,1,1,1,1,90,success,1,1,0,success,0,0,0,0,accept_local_no_valid_full,0,114,484,640,24,574,LOCAL,v3_local_first_used;v3_local_accept
lap2_problem_section_v3_fixed,105.440000,111.640000,3270,124,1780899120.073596001,109.598048449,34.383920,16.537012,16,149,550,9,4,5,-2.888888889,0.467532468,22,570,548,226,-94,BOTH,RIGHT,LEFT,0,0,4,1,1,1,1,90,success,1,1,0,success,0,0,0,0,accept_local_no_valid_full,0,110,482,640,20,572,LOCAL,v3_local_first_used;v3_local_accept
lap2_problem_section_v3_fixed,105.440000,111.640000,3271,125,1780899120.110347033,109.634799480,34.948196,16.952931,16,164,569,10,4,6,-3.000000000,0.451612903,22,569,547,225,-95,BOTH,BOTH,LEFT,0,1,1,1,1,1,1,90,success,1,1,0,success,0,0,0,0,accept_local_no_valid_full,0,112,480,640,22,570,LOCAL,v3_local_first_used;v3_local_accept
lap2_problem_section_v3_fixed,105.440000,111.640000,3272,126,1780899120.138765335,109.663217783,35.518437,17.342080,16,169,579,9,4,5,-2.214285714,0.466666667,16,568,552,222,-98,BOTH,RIGHT,LEFT,0,3,5,1,1,1,1,90,success,1,1,0,success,0,0,0,0,accept_local_no_valid_full,0,112,479,640,22,569,LOCAL,v3_local_first_used;v3_local_accept
lap2_problem_section_v3_fixed,105.440000,111.640000,3273,127,1780899120.171411276,109.695863724,35.810341,17.729941,16,176,587,11,5,6,-2.333333333,0.467532468,16,568,552,222,-98,BOTH,RIGHT,LEFT,0,0,0,1,1,1,1,90,success,1,1,0,success,0,0,0,0,accept_local_no_valid_full,0,106,478,640,16,568,LOCAL,v3_local_first_used;v3_local_accept
lap2_problem_section_v3_fixed,105.440000,111.640000,3274,128,1780899120.206791162,109.731243610,36.211818,18.190792,16,206,582,10,5,5,-2.750000000,0.475409836,17,568,551,222,-98,BOTH,RIGHT,LEFT,0,0,1,1,1,1,1,90,success,1,1,0,success,0,0,0,0,accept_local_no_valid_full,0,106,478,640,16,568,LOCAL,v3_local_first_used;v3_local_accept
lap2_problem_section_v3_fixed,105.440000,111.640000,3275,129,1780899120.238450050,109.762902498,36.844403,18.547640,16,229,584,9,4,5,-1.937500000,0.423913043,12,565,553,218,-102,BOTH,RIGHT,LEFT,0,4,2,1,1,1,1,90,success,1,1,0,success,0,0,0,0,accept_local_no_valid_full,0,107,478,640,17,568,LOCAL,v3_local_first_used;v3_local_accept
lap2_problem_section_v3_fixed,105.440000,111.640000,3276,130,1780899120.276417017,109.800869465,37.182415,19.031747,16,219,546,10,3,7,-1.823529412,0.388888889,9,566,557,217,-103,BOTH,RIGHT,LEFT,0,1,4,1,1,1,1,90,success,1,1,0,success,0,0,0,0,accept_local_no_valid_full,0,102,475,640,12,565,LOCAL,v3_local_first_used;v3_local_accept
lap2_problem_section_v3_fixed,105.440000,111.640000,3277,131,1780899120.306808710,109.831261158,37.689134,19.243228,16,234,588,11,4,7,-1.733333333,0.425531915,8,560,552,214,-106,BOTH,RIGHT,LEFT,0,3,5,1,1,1,1,90,success,1,1,0,success,0,0,0,0,accept_local_no_valid_full,0,99,476,640,9,566,LOCAL,v3_local_first_used;v3_local_accept
lap2_problem_section_v3_fixed,105.440000,111.640000,3278,132,1780899120.338551760,109.863004208,38.105128,19.485973,16,232,553,11,4,7,-2.250000000,0.405405405,8,558,550,213,-107,BOTH,RIGHT,LEFT,0,1,2,1,1,1,1,90,success,1,1,0,success,0,0,0,0,accept_local_no_valid_full,0,98,470,640,8,560,LOCAL,v3_local_first_used;v3_local_accept
lap2_problem_section_v3_fixed,105.440000,111.640000,3279,133,1780899120.374691010,109.899143457,38.482173,19.782770,17,219,592,8,3,5,-1.833333333,0.467532468,4,559,555,211,-109,BOTH,RIGHT,LEFT,0,2,5,1,1,1,1,90,success,1,1,0,success,0,0,0,0,accept_local_no_valid_full,0,98,468,640,8,558,LOCAL,v3_local_first_used;v3_local_accept
lap2_problem_section_v3_fixed,105.440000,111.640000,3280,134,1780899120.406796455,109.931248903,39.411463,20.588728,16,234,504,11,2,9,-2.750000000,0.446601942,7,555,548,211,-109,BOTH,RIGHT,LEFT,0,0,7,1,1,1,1,90,success,1,1,0,success,0,0,0,0,accept_local_no_valid_full,0,94,469,640,4,559,LOCAL,v3_local_first_used;v3_local_accept
lap2_problem_section_v3_fixed,105.440000,111.640000,3281,135,1780899120.438595772,109.963048220,40.091534,21.351309,17,235,571,8,2,6,-3.200000000,0.424242424,8,552,544,210,-110,BOTH,RIGHT,LEFT,0,1,4,1,1,1,1,90,success,1,1,0,success,0,0,0,0,accept_local_no_valid_full,0,97,465,640,7,555,LOCAL,v3_local_first_used;v3_local_accept
lap2_problem_section_v3_fixed,105.440000,111.640000,3282,136,1780899120.474482298,109.998934746,40.647528,21.436758,17,235,497,6,1,5,-2.916666667,0.425742574,4,551,547,207,-113,BOTH,RIGHT,LEFT,0,3,3,1,1,1,1,90,success,1,1,0,success,0,0,0,0,accept_local_no_valid_full,0,98,462,640,8,552,LOCAL,v3_local_first_used;v3_local_accept
lap2_problem_section_v3_fixed,105.440000,111.640000,3283,137,1780899120.506863832,110.031316280,41.337017,21.874628,16,235,530,8,2,6,-2.583333333,0.424242424,3,549,546,206,-114,BOTH,BOTH,LEFT,0,1,1,1,1,1,1,90,success,1,1,0,success,0,0,0,0,accept_local_no_valid_full,0,94,461,640,4,551,LOCAL,v3_local_first_used;v3_local_accept
lap2_problem_section_v3_fixed,105.440000,111.640000,3284,138,1780899120.542409182,110.066861629,41.839347,22.045333,16,235,515,6,1,5,-2.538461538,0.424528302,0,549,549,204,-116,BOTH,BOTH,LEFT,0,2,3,1,1,1,1,90,success,1,1,0,success,0,0,0,0,accept_local_no_valid_full,0,93,459,639,3,549,LOCAL,v3_local_first_used;v3_local_accept
lap2_problem_section_v3_fixed,105.440000,111.640000,3285,139,1780899120.574558496,110.099010944,42.302358,22.439427,16,235,511,8,1,7,-2.428571429,0.455882353,-1,549,550,204,-116,BOTH,BOTH,LEFT,0,0,1,1,1,1,1,90,success,1,1,0,success,0,0,0,0,accept_local_no_valid_full,0,90,459,639,0,549,LOCAL,v3_local_first_used;v3_local_accept
lap2_problem_section_v3_fixed,105.440000,111.640000,3286,140,1780899120.607797146,110.132249594,42.894631,22.743464,16,235,501,9,2,7,-2.363636364,0.363636364,-2,552,554,205,-115,BOTH,BOTH,LEFT,0,1,4,1,1,1,1,90,success,1,1,0,success,0,0,0,0,accept_local_no_valid_full,0,89,459,639,-1,549,LOCAL,v3_local_first_used;v3_local_accept
lap2_problem_section_v3_fixed,105.440000,111.640000,3287,141,1780899120.642514229,110.166966677,43.415980,22.962749,18,235,494,8,2,6,-2.500000000,0.384615385,-4,545,549,200,-120,BOTH,RIGHT,LEFT,0,5,5,1,1,1,1,90,success,1,1,0,success,0,0,0,0,accept_local_no_valid_full,0,88,462,640,-2,552,LOCAL,v3_local_first_used;v3_local_accept
lap2_problem_section_v3_fixed,105.440000,111.640000,3288,142,1780899120.674479008,110.198931456,44.269673,23.194143,17,235,484,6,1,5,-2.500000000,0.380952381,-5,541,546,198,-122,BOTH,RIGHT,LEFT,0,2,3,1,1,1,1,90,success,1,1,0,success,0,0,0,0,accept_local_no_valid_full,0,86,455,635,-4,545,LOCAL,v3_local_first_used;v3_local_accept
lap2_problem_section_v3_fixed,105.440000,111.640000,3289,143,1780899120.706709385,110.231161833,45.002543,23.384778,17,235,474,6,1,5,-3.000000000,0.404494382,-5,536,541,195,-125,BOTH,RIGHT,LEFT,0,3,5,1,1,1,1,90,success,1,1,0,success,0,0,0,0,accept_local_no_valid_full,0,85,451,631,-5,541,LOCAL,v3_local_first_used;v3_local_accept
lap2_problem_section_v3_fixed,105.440000,111.640000,3290,144,1780899120.744019270,110.268471718,45.791705,23.589646,16,235,469,8,1,7,-2.714285714,0.473684211,-6,537,543,195,-125,BOTH,RIGHT,LEFT,0,0,2,1,1,1,1,90,success,1,1,0,success,0,0,0,0,accept_local_no_valid_full,0,85,446,626,-5,536,LOCAL,v3_local_first_used;v3_local_accept
lap2_problem_section_v3_fixed,105.440000,111.640000,3291,145,1780899120.774434805,110.298887253,46.792557,23.803586,16,235,454,7,1,6,-3.000000000,0.425196850,-7,527,534,190,-130,BOTH,RIGHT,LEFT,0,5,9,1,1,1,1,90,success,1,1,0,success,0,0,0,0,accept_local_no_valid_full,0,84,447,627,-6,537,LOCAL,v3_local_first_used;v3_local_accept
lap2_problem_section_v3_fixed,105.440000,111.640000,3292,146,1780899120.810524702,110.334977150,47.641960,23.927093,16,235,466,7,1,6,-4.250000000,0.422413793,-5,525,530,190,-130,BOTH,RIGHT,LEFT,0,0,4,1,1,1,1,90,success,1,1,0,success,0,0,0,0,accept_local_no_valid_full,0,83,437,617,-7,527,LOCAL,v3_local_first_used;v3_local_accept
lap2_problem_section_v3_fixed,105.440000,111.640000,3293,147,1780899120.842514515,110.366966963,48.486193,24.129748,16,235,487,8,1,7,-5.250000000,0.435897436,-4,524,528,190,-130,BOTH,RIGHT,LEFT,0,0,2,1,1,1,1,90,success,1,1,0,success,0,0,0,0,accept_local_no_valid_full,0,85,435,615,-5,525,LOCAL,v3_local_first_used;v3_local_accept
lap2_problem_section_v3_fixed,105.440000,111.640000,3294,148,1780899120.874581814,110.399034262,49.712230,24.301025,16,235,511,8,0,8,,0.404761905,,519,,251,-69,RIGHT,RIGHT,STRAIGHT,0,61,,1,1,0,1,90,success,1,1,0,success,0,0,0,0,accept_local_no_valid_full,0,86,434,614,-4,524,LOCAL,v3_local_first_used;v3_local_accept
lap2_problem_section_v3_fixed,105.440000,111.640000,3295,149,1780899120.910711050,110.435163498,50.879389,24.549011,16,235,557,6,0,6,,0.387755102,,518,,250,-70,RIGHT,RIGHT,STRAIGHT,0,1,,1,1,0,1,90,success,1,1,0,success,0,0,0,0,accept_local_no_valid_full,0,86,434,614,-4,524,LOCAL,v3_local_first_used;v3_local_accept
lap2_problem_section_v3_fixed,105.440000,111.640000,3296,150,1780899120.942700624,110.467153072,52.081236,24.897439,16,235,605,7,0,7,,0.423913043,,513,,245,-75,RIGHT,RIGHT,STRAIGHT,0,5,,1,1,0,1,90,success,1,1,0,success,0,0,0,0,accept_local_no_valid_full,0,86,434,614,-4,524,LOCAL,v3_local_first_used;v3_local_accept
lap2_problem_section_v3_fixed,105.440000,111.640000,3297,151,1780899120.978419542,110.502871990,53.658509,25.355704,16,235,634,10,0,10,,0.347826087,,517,,249,-71,RIGHT,RIGHT,STRAIGHT,0,4,,1,1,0,1,90,success,1,1,0,success,0,0,0,0,accept_local_no_valid_full,0,86,434,614,-4,524,LOCAL,v3_local_first_used;v3_local_accept
lap2_problem_section_v3_fixed,105.440000,111.640000,3298,152,1780899121.010428190,110.534880638,55.159020,25.852835,16,235,645,8,0,8,,0.384180791,,534,,266,-54,RIGHT,RIGHT,STRAIGHT,0,17,,1,1,0,1,90,success,1,1,0,success,0,0,0,0,accept_local_no_valid_full,0,86,434,614,-4,524,LOCAL,v3_local_first_used;v3_local_accept
lap2_problem_section_v3_fixed,105.440000,111.640000,3299,153,1780899121.042319775,110.566772223,56.366676,26.431641,16,235,683,8,0,8,,0.386666667,,530,,262,-58,RIGHT,RIGHT,STRAIGHT,0,4,,1,1,0,1,90,success,1,1,0,success,0,0,0,0,accept_local_no_valid_full,0,86,434,614,-4,524,LOCAL,v3_local_first_used;v3_local_accept
lap2_problem_section_v3_fixed,105.440000,111.640000,3300,154,1780899121.078356981,110.602809429,57.504318,27.048867,16,235,670,9,0,9,,0.398601399,,529,,261,-59,RIGHT,RIGHT,STRAIGHT,0,1,,1,1,0,1,90,success,1,1,0,success,0,0,0,0,accept_local_no_valid_full,0,86,434,614,-4,524,LOCAL,v3_local_first_used;v3_local_accept
lap2_problem_section_v3_fixed,105.440000,111.640000,3301,155,1780899121.110630751,110.635083199,59.178196,27.671396,16,235,692,11,0,11,,0.385474860,,524,,256,-64,RIGHT,RIGHT,STRAIGHT,0,5,,1,1,0,1,90,success,1,1,0,success,0,0,0,0,accept_local_no_valid_full,0,86,434,614,-4,524,LOCAL,v3_local_first_used;v3_local_accept
lap2_problem_section_v3_fixed,105.440000,111.640000,3302,156,1780899121.143193007,110.667645454,60.646349,28.183098,16,235,652,7,0,7,,0.385321101,,524,,256,-64,RIGHT,RIGHT,STRAIGHT,0,0,,1,1,0,1,90,success,1,1,0,success,0,0,0,0,accept_local_no_valid_full,0,86,434,614,-4,524,LOCAL,v3_local_first_used;v3_local_accept
lap2_problem_section_v3_fixed,105.440000,111.640000,3303,157,1780899121.178356647,110.702809095,62.421435,28.886697,16,232,709,9,0,9,,0.404761905,,520,,252,-68,RIGHT,RIGHT,STRAIGHT,0,4,,1,1,0,1,90,success,1,1,0,success,0,0,0,0,accept_local_no_valid_full,0,86,434,614,-4,524,LOCAL,v3_local_first_used;v3_local_accept
lap2_problem_section_v3_fixed,105.440000,111.640000,3304,158,1780899121.210243940,110.734696388,64.809276,29.824709,16,235,702,10,0,10,,0.401408451,,514,,246,-74,RIGHT,RIGHT,STRAIGHT,0,6,,1,1,0,1,90,success,1,1,0,success,0,0,0,0,accept_local_no_valid_full,0,86,434,614,-4,524,LOCAL,v3_local_first_used;v3_local_accept
lap2_problem_section_v3_fixed,105.440000,111.640000,3305,159,1780899121.248392582,110.772845030,66.571591,30.472888,16,235,712,10,0,10,,0.404411765,,511,,243,-77,RIGHT,RIGHT,STRAIGHT,0,3,,1,1,0,1,90,success,1,1,0,success,0,0,0,0,accept_local_no_valid_full,0,86,434,614,-4,524,LOCAL,v3_local_first_used;v3_local_accept
lap2_problem_section_v3_fixed,105.440000,111.640000,3306,160,1780899121.278332710,110.802785158,68.888253,31.213844,16,235,694,12,0,12,,0.403846154,,506,,238,-82,RIGHT,RIGHT,STRAIGHT,0,5,,1,1,0,1,90,success,1,1,0,success,0,0,0,0,accept_local_no_valid_full,0,86,434,614,-4,524,LOCAL,v3_local_first_used;v3_local_accept
lap2_problem_section_v3_fixed,105.440000,111.640000,3307,161,1780899121.311014652,110.835467100,71.245753,31.778172,16,235,713,11,0,11,,0.403973510,,504,,236,-84,RIGHT,RIGHT,STRAIGHT,0,2,,1,1,0,1,90,success,1,1,0,success,0,0,0,0,accept_local_no_valid_full,0,86,434,614,-4,524,LOCAL,v3_local_first_used;v3_local_accept
lap2_problem_section_v3_fixed,105.440000,111.640000,3308,162,1780899121.349254608,110.873707056,73.776165,32.378867,16,235,780,13,0,13,,0.379310345,,503,,235,-85,RIGHT,RIGHT,STRAIGHT,0,1,,1,1,0,1,90,success,1,1,0,success,0,0,0,0,accept_local_no_valid_full,0,86,434,614,-4,524,LOCAL,v3_local_first_used;v3_local_accept
lap2_problem_section_v3_fixed,105.440000,111.640000,3309,163,1780899121.378895044,110.903347492,76.182955,32.936329,16,236,802,13,0,13,,0.404494382,,499,,231,-89,RIGHT,RIGHT,STRAIGHT,0,4,,1,1,0,1,90,success,1,1,0,success,0,0,0,0,accept_local_no_valid_full,0,86,434,614,-4,524,LOCAL,v3_local_first_used;v3_local_accept
lap2_problem_section_v3_fixed,105.440000,111.640000,3310,164,1780899121.410580397,110.935032845,78.799886,33.463385,16,235,684,10,0,10,,0.406250000,,494,,226,-94,RIGHT,RIGHT,STRAIGHT,0,5,,1,1,0,1,90,success,1,1,0,success,0,0,0,0,accept_local_no_valid_full,0,86,434,614,-4,524,LOCAL,v3_local_first_used;v3_local_accept
lap2_problem_section_v3_fixed,105.440000,111.640000,3311,165,1780899121.447457314,110.971909761,81.918494,34.045910,16,235,684,10,0,10,,0.417322835,,493,,225,-95,RIGHT,RIGHT,STRAIGHT,0,1,,1,1,0,1,90,success,1,1,0,success,0,0,0,0,accept_local_no_valid_full,0,86,434,614,-4,524,LOCAL,v3_local_first_used;v3_local_accept
lap2_problem_section_v3_fixed,105.440000,111.640000,3312,166,1780899121.478409052,111.002861500,84.832699,34.529385,16,235,650,11,0,11,,0.458333333,,499,,231,-89,RIGHT,RIGHT,STRAIGHT,0,6,,1,1,0,1,90,success,1,1,0,success,0,0,0,0,accept_local_no_valid_full,0,86,434,614,-4,524,LOCAL,v3_local_first_used;v3_local_accept
lap2_problem_section_v3_fixed,105.440000,111.640000,3313,167,1780899121.516321898,111.040774345,87.753310,35.213367,16,235,691,11,0,11,,0.403225806,,487,,219,-101,RIGHT,RIGHT,STRAIGHT,0,12,,1,1,0,1,90,success,1,1,0,success,0,0,0,0,accept_local_no_valid_full,0,86,434,614,-4,524,LOCAL,v3_local_first_used;v3_local_accept
lap2_problem_section_v3_fixed,105.440000,111.640000,3314,168,1780899121.547929287,111.072381735,90.402315,35.989588,16,235,598,8,0,8,,0.422413793,,485,,217,-103,RIGHT,RIGHT,STRAIGHT,0,2,,1,1,0,1,90,success,1,1,0,success,0,0,0,0,accept_local_no_valid_full,0,86,434,614,-4,524,LOCAL,v3_local_first_used;v3_local_accept
lap2_problem_section_v3_fixed,105.440000,111.640000,3315,169,1780899121.579111814,111.103564262,93.274332,36.804858,16,235,528,8,0,8,,0.424836601,,483,,215,-105,RIGHT,RIGHT,STRAIGHT,0,2,,1,1,0,1,90,success,1,1,0,success,0,0,0,0,accept_local_no_valid_full,0,86,434,614,-4,524,LOCAL,v3_local_first_used;v3_local_accept
lap2_problem_section_v3_fixed,105.440000,111.640000,3316,170,1780899121.616241932,111.140694380,95.989403,37.676942,16,236,524,7,0,7,,0.423529412,,480,,212,-108,RIGHT,RIGHT,STRAIGHT,0,3,,1,1,0,1,90,success,1,1,0,success,0,0,0,0,accept_local_no_valid_full,0,86,434,614,-4,524,LOCAL,v3_local_first_used;v3_local_accept
lap2_problem_section_v3_fixed,105.440000,111.640000,3317,171,1780899121.648218870,111.172671318,99.358239,39.017776,16,235,579,9,0,9,,0.426829268,,476,,208,-112,RIGHT,RIGHT,STRAIGHT,0,4,,1,1,0,1,90,success,1,1,0,success,0,0,0,0,accept_local_no_valid_full,0,86,434,614,-4,524,LOCAL,v3_local_first_used;v3_local_accept
lap2_problem_section_v3_fixed,105.440000,111.640000,3318,172,1780899121.680681467,111.205133915,102.443963,40.159461,16,235,577,8,0,8,,0.445161290,,474,,206,-114,RIGHT,RIGHT,STRAIGHT,0,2,,1,1,0,1,90,success,1,1,0,success,0,0,0,0,accept_local_no_valid_full,0,86,434,614,-4,524,LOCAL,v3_local_first_used;v3_local_accept
lap2_problem_section_v3_fixed,105.440000,111.640000,3319,173,1780899121.716430187,111.240882635,104.956094,41.245165,16,236,572,8,0,8,,0.442028986,,474,,206,-114,RIGHT,RIGHT,STRAIGHT,0,0,,1,1,0,1,90,success,1,1,0,success,0,0,0,0,accept_local_no_valid_full,0,86,434,614,-4,524,LOCAL,v3_local_first_used;v3_local_accept
lap2_problem_section_v3_fixed,105.440000,111.640000,3320,174,1780899121.748135567,111.272588015,107.774503,42.302479,16,236,557,9,0,9,,0.441558442,,471,,203,-117,RIGHT,RIGHT,STRAIGHT,0,3,,1,1,0,1,90,success,1,1,0,success,0,0,0,0,accept_local_no_valid_full,0,86,434,614,-4,524,LOCAL,v3_local_first_used;v3_local_accept
lap2_problem_section_v3_fixed,105.440000,111.640000,3321,175,1780899121.782451391,111.306903839,110.162997,43.410475,16,235,539,7,0,7,,0.443708609,,469,,201,-119,RIGHT,RIGHT,STRAIGHT,0,2,,1,1,0,1,90,success,1,1,0,success,0,0,0,0,accept_local_no_valid_full,0,86,434,614,-4,524,LOCAL,v3_local_first_used;v3_local_accept
lap2_problem_section_v3_fixed,105.440000,111.640000,3322,176,1780899121.815783978,111.340236425,112.607131,44.259772,16,236,512,5,0,5,,0.442953020,,467,,199,-121,RIGHT,RIGHT,STRAIGHT,0,2,,1,1,0,1,90,success,1,1,0,success,0,0,0,0,accept_local_no_valid_full,0,86,434,614,-4,524,LOCAL,v3_local_first_used;v3_local_accept
lap2_problem_section_v3_fixed,105.440000,111.640000,3323,177,1780899121.846743822,111.371196270,115.102642,45.231123,16,236,459,3,0,3,,0.445205479,,465,,197,-123,RIGHT,RIGHT,STRAIGHT,0,2,,1,1,0,1,90,success,1,1,0,success,0,0,0,0,accept_local_no_valid_full,0,86,434,614,-4,524,LOCAL,v3_local_first_used;v3_local_accept
lap2_problem_section_v3_fixed,105.440000,111.640000,3324,178,1780899121.885480404,111.409932852,117.526051,46.111208,16,236,467,8,0,8,,0.468354430,,468,,200,-120,RIGHT,RIGHT,STRAIGHT,0,3,,1,1,0,1,90,success,1,1,0,success,0,0,0,0,accept_local_no_valid_full,0,86,434,614,-4,524,LOCAL,v3_local_first_used;v3_local_accept
lap2_problem_section_v3_fixed,105.440000,111.640000,3325,179,1780899121.914848328,111.439300776,120.269048,46.955315,16,236,434,4,0,4,,0.464646465,,466,,198,-122,RIGHT,RIGHT,STRAIGHT,0,2,,1,1,0,1,90,success,1,1,0,success,0,0,0,0,accept_local_no_valid_full,0,86,434,614,-4,524,LOCAL,v3_local_first_used;v3_local_accept
lap2_problem_section_v3_fixed,105.440000,111.640000,3326,180,1780899121.950803041,111.475255489,124.187884,47.651614,16,236,376,4,0,4,,0.464566929,,461,,193,-127,RIGHT,RIGHT,STRAIGHT,0,5,,1,1,0,1,90,success,1,1,0,success,0,0,0,0,accept_local_no_valid_full,0,86,434,614,-4,524,LOCAL,v3_local_first_used;v3_local_accept
lap2_problem_section_v3_fixed,105.440000,111.640000,3327,181,1780899121.982702255,111.507154703,128.578097,48.340328,16,236,322,2,0,2,,0.471153846,,457,,189,-131,RIGHT,RIGHT,STRAIGHT,0,4,,1,1,0,1,90,success,1,1,0,success,0,0,0,0,accept_local_no_valid_full,0,86,434,614,-4,524,LOCAL,v3_local_first_used;v3_local_accept
lap2_problem_section_v3_fixed,105.440000,111.640000,3328,182,1780899122.014775991,111.539228439,132.177656,49.023841,16,236,280,4,0,4,,0.484536082,,456,,188,-132,RIGHT,RIGHT,STRAIGHT,0,1,,1,1,0,1,90,success,1,1,0,success,0,0,0,0,accept_local_no_valid_full,0,86,434,614,-4,524,LOCAL,v3_local_first_used;v3_local_accept
lap2_problem_section_v3_fixed,105.440000,111.640000,3329,183,1780899122.050799608,111.575252056,135.441264,49.627921,16,236,257,5,0,5,,0.481927711,,454,,186,-134,RIGHT,RIGHT,STRAIGHT,0,2,,1,1,0,1,90,success,1,1,0,success,0,0,0,0,accept_local_no_valid_full,0,86,434,614,-4,524,LOCAL,v3_local_first_used;v3_local_accept
lap2_problem_section_v3_fixed,105.440000,111.640000,3330,184,1780899122.084431171,111.608883619,138.188011,50.295381,16,236,237,2,0,2,,0.485714286,,452,,184,-136,RIGHT,RIGHT,STRAIGHT,0,2,,1,1,0,1,90,success,1,1,0,success,0,0,0,0,accept_local_no_valid_full,0,86,434,614,-4,524,LOCAL,v3_local_first_used;v3_local_accept
