segment_name,segment_start_sec,segment_end_sec,frame_idx,processed_idx,bag_abs_time,bag_rel_time,roi_mean,roi_std,roi_min,roi_max,edge_pixel_count,hough_line_count,left_line_count,right_line_count,left_slope,right_slope,lpos,rpos,lane_width,center,center_error,mode,baseline_mode,corner,fail_count,center_jump,lane_width_jump,recovery_used,recovery_success,recovery_left_found,recovery_right_found,recovery_window_px,recovery_reason,local_first_used,local_accept,full_fallback_used,local_reason,suspicious_reasons
lap2_problem_section_v0_1,105.440000,111.640000,3146,0,1780899115.918930769,105.443383217,100.522543,65.397084,16,235,722,6,2,4,-0.785046729,0.722222222,66,579,513,322,2,BOTH,BOTH,STRAIGHT,0,2,,0,0,0,0,90,no_last_good,0,0,1,no_last_good,
lap2_problem_section_v0_1,105.440000,111.640000,3147,1,1780899115.953891039,105.478343487,99.827017,65.644814,16,236,685,10,3,7,-0.781250000,0.721311475,66,579,513,322,2,BOTH,BOTH,STRAIGHT,0,0,0,1,1,1,1,90,success,1,1,0,success,v0_2_local_first_used;v0_2_local_accept
lap2_problem_section_v0_1,105.440000,111.640000,3148,2,1780899115.986154795,105.510607243,98.707912,65.640939,16,236,747,12,6,6,-0.787037037,0.719298246,66,580,514,323,3,BOTH,BOTH,STRAIGHT,0,1,1,1,1,1,1,90,success,1,1,0,success,v0_2_local_first_used;v0_2_local_accept
lap2_problem_section_v0_1,105.440000,111.640000,3149,3,1780899116.017976999,105.542429447,97.460568,65.507324,16,236,830,18,7,11,-0.809523810,0.702702703,66,580,514,323,3,BOTH,BOTH,STRAIGHT,0,0,0,1,1,1,1,90,success,1,1,0,success,v0_2_local_first_used;v0_2_local_accept
lap2_problem_section_v0_1,105.440000,111.640000,3150,4,1780899116.052480698,105.576933146,96.034517,65.175543,16,236,876,13,5,8,-0.788135593,0.728571429,65,580,515,322,2,BOTH,BOTH,STRAIGHT,0,1,1,1,1,1,1,90,success,1,1,0,success,v0_2_local_first_used;v0_2_local_accept
lap2_problem_section_v0_1,105.440000,111.640000,3151,5,1780899116.085083008,105.609535456,94.428764,64.574778,16,236,877,14,7,7,-0.781250000,0.702702703,65,579,514,322,2,BOTH,BOTH,STRAIGHT,0,0,1,1,1,1,1,90,success,1,1,0,success,v0_2_local_first_used;v0_2_local_accept
lap2_problem_section_v0_1,105.440000,111.640000,3152,6,1780899116.121573925,105.646026373,92.481165,63.824269,16,236,906,14,7,7,-0.782608696,0.717948718,64,579,515,321,1,BOTH,BOTH,STRAIGHT,0,1,1,1,1,1,1,90,success,1,1,0,success,v0_2_local_first_used;v0_2_local_accept
lap2_problem_section_v0_1,105.440000,111.640000,3153,7,1780899116.152004957,105.676457405,90.491420,63.071476,16,236,872,13,7,6,-0.803030303,0.722222222,63,580,517,321,1,BOTH,BOTH,STRAIGHT,0,0,2,1,1,1,1,90,success,1,1,0,success,v0_2_local_first_used;v0_2_local_accept
lap2_problem_section_v0_1,105.440000,111.640000,3154,8,1780899116.183911800,105.708364248,88.583196,62.435776,16,235,941,20,12,8,-0.815789474,0.726415094,63,580,517,321,1,BOTH,BOTH,STRAIGHT,0,0,0,1,1,1,1,90,success,1,1,0,success,v0_2_local_first_used;v0_2_local_accept
lap2_problem_section_v0_1,105.440000,111.640000,3155,9,1780899116.223921537,105.748373985,86.517543,61.536038,16,236,966,17,8,9,-0.800000000,0.727272727,63,580,517,321,1,BOTH,BOTH,STRAIGHT,0,0,0,1,1,1,1,90,success,1,1,0,success,v0_2_local_first_used;v0_2_local_accept
lap2_problem_section_v0_1,105.440000,111.640000,3156,10,1780899116.252811193,105.777263641,84.380739,60.520379,16,236,999,15,8,7,-0.808695652,0.676470588,63,581,518,322,2,BOTH,BOTH,STRAIGHT,0,1,1,1,1,1,1,90,success,1,1,0,success,v0_2_local_first_used;v0_2_local_accept
lap2_problem_section_v0_1,105.440000,111.640000,3157,11,1780899116.283829927,105.808282375,82.222557,59.442467,16,235,1006,15,7,8,-0.785714286,0.673076923,62,581,519,321,1,BOTH,BOTH,STRAIGHT,0,1,1,1,1,1,1,90,success,1,1,0,success,v0_2_local_first_used;v0_2_local_accept
lap2_problem_section_v0_1,105.440000,111.640000,3158,12,1780899116.319523573,105.843976021,79.980895,58.314638,16,235,987,16,7,9,-0.789473684,0.701754386,61,581,520,321,1,BOTH,BOTH,STRAIGHT,0,0,1,1,1,1,1,90,success,1,1,0,success,v0_2_local_first_used;v0_2_local_accept
lap2_problem_section_v0_1,105.440000,111.640000,3159,13,1780899116.352965832,105.877418280,78.143622,57.282205,16,235,991,16,7,9,-0.808695652,0.694444444,61,581,520,321,1,BOTH,BOTH,STRAIGHT,0,0,0,1,1,1,1,90,success,1,1,0,success,v0_2_local_first_used;v0_2_local_accept
lap2_problem_section_v0_1,105.440000,111.640000,3160,14,1780899116.387451649,105.911904097,76.133821,56.199483,16,235,1020,17,10,7,-0.791666667,0.721518987,61,582,521,321,1,BOTH,BOTH,STRAIGHT,0,0,1,1,1,1,1,90,success,1,1,0,success,v0_2_local_first_used;v0_2_local_accept
lap2_problem_section_v0_1,105.440000,111.640000,3161,15,1780899116.419361115,105.943813562,74.222045,55.163790,16,236,1053,17,8,9,-0.783783784,0.769230769,60,582,522,321,1,BOTH,BOTH,STRAIGHT,0,0,1,1,1,1,1,90,success,1,1,0,success,v0_2_local_first_used;v0_2_local_accept
lap2_problem_section_v0_1,105.440000,111.640000,3162,16,1780899116.452617645,105.977070093,72.293011,53.940918,16,235,1043,16,8,8,-0.791666667,0.642857143,60,581,521,320,0,BOTH,BOTH,STRAIGHT,0,1,1,1,1,1,1,90,success,1,1,0,success,v0_2_local_first_used;v0_2_local_accept
lap2_problem_section_v0_1,105.440000,111.640000,3163,17,1780899116.490041256,106.014493704,70.122074,52.705341,16,235,1037,17,7,10,-0.786885246,0.642857143,60,581,521,320,0,BOTH,BOTH,STRAIGHT,0,0,0,1,1,1,1,90,success,1,1,0,success,v0_2_local_first_used;v0_2_local_accept
lap2_problem_section_v0_1,105.440000,111.640000,3164,18,1780899116.522756815,106.047209263,67.974886,51.272481,16,235,1064,18,9,9,-0.782945736,0.671428571,60,579,519,319,-1,BOTH,BOTH,STRAIGHT,0,1,2,1,1,1,1,90,success,1,1,0,success,v0_2_local_first_used;v0_2_local_accept
lap2_problem_section_v0_1,105.440000,111.640000,3165,19,1780899116.552119255,106.076571703,64.839048,50.010546,16,235,1063,16,8,8,-0.786885246,0.651162791,58,579,521,318,-2,BOTH,BOTH,STRAIGHT,0,1,2,1,1,1,1,90,success,1,1,0,success,v0_2_local_first_used;v0_2_local_accept
lap2_problem_section_v0_1,105.440000,111.640000,3166,20,1780899116.588615894,106.113068342,62.543196,48.332556,16,236,1094,17,8,9,-0.800000000,0.741379310,58,580,522,319,-1,BOTH,BOTH,STRAIGHT,0,1,1,1,1,1,1,90,success,1,1,0,success,v0_2_local_first_used;v0_2_local_accept
lap2_problem_section_v0_1,105.440000,111.640000,3167,21,1780899116.620085955,106.144538403,60.081875,46.627852,16,235,1080,20,10,10,-0.781512605,0.701492537,56,580,524,318,-2,BOTH,BOTH,STRAIGHT,0,1,2,1,1,1,1,90,success,1,1,0,success,v0_2_local_first_used;v0_2_local_accept
lap2_problem_section_v0_1,105.440000,111.640000,3168,22,1780899116.658535719,106.182988167,57.460540,44.997050,16,235,1111,19,8,11,-0.809523810,0.645161290,56,580,524,318,-2,BOTH,BOTH,STRAIGHT,0,0,0,1,1,1,1,90,success,1,1,0,success,v0_2_local_first_used;v0_2_local_accept
lap2_problem_section_v0_1,105.440000,111.640000,3169,23,1780899116.689561844,106.214014292,54.935824,43.206863,16,235,1115,20,10,10,-0.811594203,0.651515152,56,579,523,317,-3,BOTH,BOTH,STRAIGHT,0,1,1,1,1,1,1,90,success,1,1,0,success,v0_2_local_first_used;v0_2_local_accept
lap2_problem_section_v0_1,105.440000,111.640000,3170,24,1780899116.721667767,106.246120214,52.317670,41.323945,16,235,1086,18,9,9,-0.801724138,0.649350649,56,579,523,317,-3,BOTH,BOTH,STRAIGHT,0,0,0,1,1,1,1,90,success,1,1,0,success,v0_2_local_first_used;v0_2_local_accept
lap2_problem_section_v0_1,105.440000,111.640000,3171,25,1780899116.758110285,106.282562733,50.008125,39.518636,16,235,1080,18,10,8,-0.785714286,0.607594937,56,579,523,317,-3,BOTH,BOTH,STRAIGHT,0,0,0,1,1,1,1,90,success,1,1,0,success,v0_2_local_first_used;v0_2_local_accept
lap2_problem_section_v0_1,105.440000,111.640000,3172,26,1780899116.788255692,106.312708139,48.152685,37.623280,16,235,1012,18,8,10,-0.794117647,0.671875000,55,576,521,315,-5,BOTH,BOTH,STRAIGHT,0,2,2,1,1,1,1,90,success,1,1,0,success,v0_2_local_first_used;v0_2_local_accept
lap2_problem_section_v0_1,105.440000,111.640000,3173,27,1780899116.825162172,106.349614620,46.506349,35.799844,16,235,993,15,8,7,-0.782258065,0.675675676,53,575,522,314,-6,BOTH,BOTH,STRAIGHT,0,1,1,1,1,1,1,90,success,1,1,0,success,v0_2_local_first_used;v0_2_local_accept
lap2_problem_section_v0_1,105.440000,111.640000,3174,28,1780899116.856188774,106.380641222,45.038082,34.013136,16,235,1005,19,11,8,-0.785714286,0.677419355,53,575,522,314,-6,BOTH,BOTH,STRAIGHT,0,0,0,1,1,1,1,90,success,1,1,0,success,v0_2_local_first_used;v0_2_local_accept
lap2_problem_section_v0_1,105.440000,111.640000,3175,29,1780899116.888282537,106.412734985,43.873920,32.384493,16,235,950,17,9,8,-0.777777778,0.658536585,53,575,522,314,-6,BOTH,BOTH,STRAIGHT,0,0,0,1,1,1,1,90,success,1,1,0,success,v0_2_local_first_used;v0_2_local_accept
lap2_problem_section_v0_1,105.440000,111.640000,3176,30,1780899116.924912691,106.449365139,42.890866,30.822811,16,235,902,13,7,6,-0.782258065,0.669724771,53,575,522,314,-6,BOTH,BOTH,STRAIGHT,0,0,0,1,1,1,1,90,success,1,1,0,success,v0_2_local_first_used;v0_2_local_accept
lap2_problem_section_v0_1,105.440000,111.640000,3177,31,1780899116.957606316,106.482058764,41.773324,29.454446,16,235,895,15,8,7,-0.769230769,0.626086957,53,575,522,314,-6,BOTH,BOTH,STRAIGHT,0,0,0,1,1,1,1,90,success,1,1,0,success,v0_2_local_first_used;v0_2_local_accept
lap2_problem_section_v0_1,105.440000,111.640000,3178,32,1780899116.987499952,106.511952400,40.863991,28.386178,16,233,873,15,6,9,-0.766666667,0.673267327,52,575,523,313,-7,BOTH,BOTH,STRAIGHT,0,1,1,1,1,1,1,90,success,1,1,0,success,v0_2_local_first_used;v0_2_local_accept
lap2_problem_section_v0_1,105.440000,111.640000,3179,33,1780899117.024239302,106.548691750,39.654517,27.448206,16,206,875,15,6,9,-0.778688525,0.669902913,51,574,523,312,-8,BOTH,BOTH,STRAIGHT,0,1,0,1,1,1,1,90,success,1,1,0,success,v0_2_local_first_used;v0_2_local_accept
lap2_problem_section_v0_1,105.440000,111.640000,3180,34,1780899117.055464029,106.579916477,38.682060,26.436449,16,202,858,14,6,8,-0.779816514,0.631578947,50,574,524,312,-8,BOTH,BOTH,STRAIGHT,0,0,1,1,1,1,1,90,success,1,1,0,success,v0_2_local_first_used;v0_2_local_accept
lap2_problem_section_v0_1,105.440000,111.640000,3181,35,1780899117.092112303,106.616564751,37.665412,25.533147,16,196,804,11,5,6,-0.781250000,0.696969697,49,574,525,311,-9,BOTH,BOTH,STRAIGHT,0,1,1,1,1,1,1,90,success,1,1,0,success,v0_2_local_first_used;v0_2_local_accept
lap2_problem_section_v0_1,105.440000,111.640000,3182,36,1780899117.125254631,106.649707079,36.795455,24.618046,16,201,802,12,4,8,-0.780219780,0.686567164,49,573,524,311,-9,BOTH,BOTH,STRAIGHT,0,0,1,1,1,1,1,90,success,1,1,0,success,v0_2_local_first_used;v0_2_local_accept
lap2_problem_section_v0_1,105.440000,111.640000,3183,37,1780899117.156235456,106.680687904,35.847798,23.726857,16,199,809,12,4,8,-0.775700935,0.650602410,48,570,522,309,-11,BOTH,BOTH,STRAIGHT,0,2,2,1,1,1,1,90,success,1,1,0,success,v0_2_local_first_used;v0_2_local_accept
lap2_problem_section_v0_1,105.440000,111.640000,3184,38,1780899117.191874266,106.716326714,35.017358,22.780666,16,191,792,13,5,8,-0.760683761,0.622222222,48,568,520,308,-12,BOTH,BOTH,STRAIGHT,0,1,2,1,1,1,1,90,success,1,1,0,success,v0_2_local_first_used;v0_2_local_accept
lap2_problem_section_v0_1,105.440000,111.640000,3185,39,1780899117.223500729,106.747953176,34.122386,21.759029,16,185,794,13,4,9,-0.775862069,0.625000000,47,567,520,307,-13,BOTH,BOTH,STRAIGHT,0,1,0,1,1,1,1,90,success,1,1,0,success,v0_2_local_first_used;v0_2_local_accept
lap2_problem_section_v0_1,105.440000,111.640000,3186,40,1780899117.255518198,106.779970646,33.299375,20.797359,16,195,786,13,4,9,-0.776785714,0.647887324,46,566,520,306,-14,BOTH,BOTH,STRAIGHT,0,1,0,1,1,1,1,90,success,1,1,0,success,v0_2_local_first_used;v0_2_local_accept
lap2_problem_section_v0_1,105.440000,111.640000,3187,41,1780899117.293936253,106.818388700,32.370000,19.628109,16,185,782,12,5,7,-0.776785714,0.623529412,45,565,520,305,-15,BOTH,BOTH,STRAIGHT,0,1,0,1,1,1,1,90,success,1,1,0,success,v0_2_local_first_used;v0_2_local_accept
lap2_problem_section_v0_1,105.440000,111.640000,3188,42,1780899117.326393843,106.850846291,31.399205,18.341890,16,191,776,11,6,5,-0.760000000,0.621359223,44,565,521,304,-16,BOTH,BOTH,STRAIGHT,0,1,1,1,1,1,1,90,success,1,1,0,success,v0_2_local_first_used;v0_2_local_accept
lap2_problem_section_v0_1,105.440000,111.640000,3189,43,1780899117.361971378,106.886423826,30.844134,17.000971,16,175,732,9,3,6,-0.780000000,0.647058824,44,564,520,304,-16,BOTH,BOTH,STRAIGHT,0,0,1,1,1,1,1,90,success,1,1,0,success,v0_2_local_first_used;v0_2_local_accept
lap2_problem_section_v0_1,105.440000,111.640000,3190,44,1780899117.395616055,106.920068502,30.238111,15.848754,16,176,724,9,4,5,-0.783018868,0.582278481,44,565,521,304,-16,BOTH,BOTH,STRAIGHT,0,0,1,1,1,1,1,90,success,1,1,0,success,v0_2_local_first_used;v0_2_local_accept
lap2_problem_section_v0_1,105.440000,111.640000,3191,45,1780899117.422928572,106.947381020,29.712926,14.710452,16,183,660,11,3,8,-0.781818182,0.623931624,44,561,517,302,-18,BOTH,BOTH,STRAIGHT,0,2,4,1,1,1,1,90,success,1,1,0,success,v0_2_local_first_used;v0_2_local_accept
lap2_problem_section_v0_1,105.440000,111.640000,3192,46,1780899117.459341526,106.983793974,29.418892,13.622652,16,174,654,9,2,7,-0.783505155,0.651685393,42,561,519,301,-19,BOTH,BOTH,STRAIGHT,0,1,2,1,1,1,1,90,success,1,1,0,success,v0_2_local_first_used;v0_2_local_accept
lap2_problem_section_v0_1,105.440000,111.640000,3193,47,1780899117.491887808,107.016340256,28.832372,12.628156,16,170,654,9,4,5,-0.767441860,0.625000000,41,558,517,299,-21,BOTH,BOTH,STRAIGHT,0,2,2,1,1,1,1,90,success,1,1,0,success,v0_2_local_first_used;v0_2_local_accept
lap2_problem_section_v0_1,105.440000,111.640000,3194,48,1780899117.523783684,107.048236132,28.511293,11.667748,16,165,656,10,3,7,-0.773809524,0.648648649,39,558,519,298,-22,BOTH,BOTH,STRAIGHT,0,1,2,1,1,1,1,90,success,1,1,0,success,v0_2_local_first_used;v0_2_local_accept
lap2_problem_section_v0_1,105.440000,111.640000,3195,49,1780899117.558941841,107.083394289,28.229773,10.746870,16,153,636,10,2,8,-0.777777778,0.649122807,38,557,519,297,-23,BOTH,BOTH,STRAIGHT,0,1,0,1,1,1,1,90,success,1,1,0,success,v0_2_local_first_used;v0_2_local_accept
lap2_problem_section_v0_1,105.440000,111.640000,3196,50,1780899117.592744350,107.117196798,27.997528,9.969581,16,140,622,10,2,8,-0.764705882,0.670103093,37,556,519,296,-24,BOTH,BOTH,STRAIGHT,0,1,0,1,1,1,1,90,success,1,1,0,success,v0_2_local_first_used;v0_2_local_accept
lap2_problem_section_v0_1,105.440000,111.640000,3197,51,1780899117.628523588,107.152976036,27.632685,9.260130,16,112,597,10,2,8,-0.800000000,0.625000000,37,555,518,296,-24,BOTH,BOTH,STRAIGHT,0,0,1,1,1,1,1,90,success,1,1,0,success,v0_2_local_first_used;v0_2_local_accept
lap2_problem_section_v0_1,105.440000,111.640000,3198,52,1780899117.662224531,107.186676979,27.682486,8.824472,16,111,586,8,2,6,-0.805970149,0.625000000,37,554,517,295,-25,BOTH,BOTH,STRAIGHT,0,1,1,1,1,1,1,90,success,1,1,0,success,v0_2_local_first_used;v0_2_local_accept
lap2_problem_section_v0_1,105.440000,111.640000,3199,53,1780899117.693482876,107.217935324,27.296023,8.518924,16,79,567,10,2,8,-0.800000000,0.621951220,35,554,519,294,-26,BOTH,BOTH,STRAIGHT,0,1,2,1,1,1,1,90,success,1,1,0,success,v0_2_local_first_used;v0_2_local_accept
lap2_problem_section_v0_1,105.440000,111.640000,3200,54,1780899117.730679989,107.255132437,27.301023,8.365613,16,73,340,5,0,5,,0.604651163,,553,,292,-28,RIGHT,RIGHT,STRAIGHT,0,2,,1,1,0,1,90,success,1,1,0,success,v0_2_local_first_used;v0_2_local_accept
lap2_problem_section_v0_1,105.440000,111.640000,3201,55,1780899117.761324644,107.285777092,26.909148,8.221002,16,74,268,5,0,5,,0.623529412,,551,,290,-30,RIGHT,RIGHT,STRAIGHT,0,2,,1,1,0,1,90,success,1,1,0,success,v0_2_local_first_used;v0_2_local_accept
lap2_problem_section_v0_1,105.440000,111.640000,3202,56,1780899117.792197943,107.316650391,27.047756,8.055716,16,75,263,5,0,5,,0.714285714,,555,,294,-26,RIGHT,RIGHT,STRAIGHT,0,4,,1,1,0,1,90,success,1,1,0,success,v0_2_local_first_used;v0_2_local_accept
lap2_problem_section_v0_1,105.440000,111.640000,3203,57,1780899117.828613520,107.353065968,26.817074,8.029337,16,75,267,3,0,3,,0.622807018,,549,,288,-32,RIGHT,RIGHT,STRAIGHT,0,6,,1,1,0,1,90,success,1,1,0,success,v0_2_local_first_used;v0_2_local_accept
lap2_problem_section_v0_1,105.440000,111.640000,3204,58,1780899117.860447168,107.384899616,26.639119,8.004278,16,77,267,3,0,3,,0.625000000,,549,,288,-32,RIGHT,RIGHT,STRAIGHT,0,0,,1,1,0,1,90,success,1,1,0,success,v0_2_local_first_used;v0_2_local_accept
lap2_problem_section_v0_1,105.440000,111.640000,3205,59,1780899117.896301985,107.420754433,26.584432,7.884722,16,76,262,5,0,5,,0.581818182,,552,,291,-29,RIGHT,RIGHT,STRAIGHT,0,3,,1,1,0,1,90,success,1,1,0,success,v0_2_local_first_used;v0_2_local_accept
lap2_problem_section_v0_1,105.440000,111.640000,3206,60,1780899117.929931164,107.454383612,26.500426,7.816289,16,77,262,3,0,3,,0.602150538,,549,,288,-32,RIGHT,RIGHT,STRAIGHT,0,3,,1,1,0,1,90,success,1,1,0,success,v0_2_local_first_used;v0_2_local_accept
lap2_problem_section_v0_1,105.440000,111.640000,3207,61,1780899117.959368229,107.483820677,26.567017,7.835862,16,79,262,4,0,4,,0.647727273,,549,,288,-32,RIGHT,RIGHT,STRAIGHT,0,0,,1,1,0,1,90,success,1,1,0,success,v0_2_local_first_used;v0_2_local_accept
lap2_problem_section_v0_1,105.440000,111.640000,3208,62,1780899117.995633602,107.520086050,26.591207,7.842687,16,78,263,3,0,3,,0.676056338,,550,,289,-31,RIGHT,RIGHT,STRAIGHT,0,1,,1,1,0,1,90,success,1,1,0,success,v0_2_local_first_used;v0_2_local_accept
lap2_problem_section_v0_1,105.440000,111.640000,3209,63,1780899118.027787924,107.552240372,26.422045,7.872184,16,77,277,4,0,4,,0.636363636,,548,,287,-33,RIGHT,RIGHT,STRAIGHT,0,2,,1,0,0,0,90,fallback_after_local_fail:no_local_line,1,0,1,no_local_line,v0_2_local_first_used
lap2_problem_section_v0_1,105.440000,111.640000,3210,64,1780899118.064981699,107.589434147,26.509844,7.914866,16,77,0,0,0,0,,,,,,287,-33,NONE,NONE,STRAIGHT,1,0,,1,0,0,0,90,fallback_after_local_fail:no_local_line,1,0,1,no_local_line,mode_NONE;hough_0;v0_2_local_first_used
lap2_problem_section_v0_1,105.440000,111.640000,3211,65,1780899118.095094919,107.619547367,26.500028,8.016071,16,79,11,0,0,0,,,,,,287,-33,NONE,NONE,STRAIGHT,2,0,,1,0,0,0,90,fallback_after_local_fail:no_local_line,1,0,1,no_local_line,mode_NONE;hough_0;v0_2_local_first_used
lap2_problem_section_v0_1,105.440000,111.640000,3212,66,1780899118.127860069,107.652312517,26.599744,8.158558,16,80,5,0,0,0,,,,,,287,-33,NONE,NONE,STRAIGHT,3,0,,1,0,0,0,90,fallback_after_local_fail:no_local_line,1,0,1,no_local_line,mode_NONE;hough_0;v0_2_local_first_used
lap2_problem_section_v0_1,105.440000,111.640000,3213,67,1780899118.165196896,107.689649343,26.480000,8.157473,16,82,0,0,0,0,,,,,,287,-33,NONE,NONE,STRAIGHT,4,0,,1,0,0,0,90,fallback_after_local_fail:no_local_line,1,0,1,no_local_line,mode_NONE;hough_0;v0_2_local_first_used
lap2_problem_section_v0_1,105.440000,111.640000,3214,68,1780899118.195801497,107.720253944,26.539872,8.227973,16,84,0,0,0,0,,,,,,287,-33,NONE,NONE,STRAIGHT,5,0,,1,0,0,0,90,fallback_after_local_fail:no_local_line,1,0,1,no_local_line,mode_NONE;hough_0;v0_2_local_first_used
lap2_problem_section_v0_1,105.440000,111.640000,3215,69,1780899118.227777004,107.752229452,26.509858,8.203572,16,83,0,0,0,0,,,,,,287,-33,NONE,NONE,STRAIGHT,6,0,,1,0,0,0,90,fallback_after_local_fail:no_local_line,1,0,1,no_local_line,mode_NONE;hough_0;v0_2_local_first_used
lap2_problem_section_v0_1,105.440000,111.640000,3216,70,1780899118.262741327,107.787193775,26.571037,8.155421,16,80,0,0,0,0,,,,,,287,-33,NONE,NONE,STRAIGHT,7,0,,1,0,0,0,90,fallback_after_local_fail:no_local_line,1,0,1,no_local_line,mode_NONE;hough_0;v0_2_local_first_used
lap2_problem_section_v0_1,105.440000,111.640000,3217,71,1780899118.294864416,107.819316864,26.475625,8.221005,16,82,0,0,0,0,,,,,,287,-33,NONE,NONE,STRAIGHT,8,0,,1,0,0,0,90,fallback_after_local_fail:no_local_line,1,0,1,no_local_line,mode_NONE;hough_0;v0_2_local_first_used
lap2_problem_section_v0_1,105.440000,111.640000,3218,72,1780899118.331521511,107.855973959,26.473011,8.245969,16,81,0,0,0,0,,,,,,287,-33,NONE,NONE,STRAIGHT,9,0,,1,0,0,0,90,fallback_after_local_fail:no_local_line,1,0,1,no_local_line,mode_NONE;hough_0;v0_2_local_first_used
lap2_problem_section_v0_1,105.440000,111.640000,3219,73,1780899118.362819672,107.887272120,26.595739,8.467031,16,82,0,0,0,0,,,,,,287,-33,NONE,NONE,STRAIGHT,10,0,,1,0,0,0,90,fallback_after_local_fail:no_local_line,1,0,1,no_local_line,mode_NONE;hough_0;v0_2_local_first_used
lap2_problem_section_v0_1,105.440000,111.640000,3220,74,1780899118.395777941,107.920230389,26.682415,8.511342,17,83,0,0,0,0,,,,,,287,-33,NONE,NONE,STRAIGHT,11,0,,1,0,0,0,90,fallback_after_local_fail:no_local_line,1,0,1,no_local_line,mode_NONE;hough_0;v0_2_local_first_used
lap2_problem_section_v0_1,105.440000,111.640000,3221,75,1780899118.431970596,107.956423044,26.874503,8.551316,18,84,0,0,0,0,,,,,,287,-33,NONE,NONE,STRAIGHT,12,0,,1,0,0,0,90,fallback_after_local_fail:no_local_line,1,0,1,no_local_line,mode_NONE;hough_0;v0_2_local_first_used
lap2_problem_section_v0_1,105.440000,111.640000,3222,76,1780899118.462742090,107.987194538,27.035568,8.614271,17,84,0,0,0,0,,,,,,287,-33,NONE,NONE,STRAIGHT,13,0,,1,0,0,0,90,fallback_after_local_fail:no_local_line,1,0,1,no_local_line,mode_NONE;hough_0;v0_2_local_first_used
lap2_problem_section_v0_1,105.440000,111.640000,3223,77,1780899118.495527506,108.019979954,26.745938,8.655401,17,84,0,0,0,0,,,,,,287,-33,NONE,NONE,STRAIGHT,14,0,,1,0,0,0,90,fallback_after_local_fail:no_local_line,1,0,1,no_local_line,mode_NONE;hough_0;v0_2_local_first_used
lap2_problem_section_v0_1,105.440000,111.640000,3224,78,1780899118.531471491,108.055923939,26.787685,8.755527,17,84,0,0,0,0,,,,,,287,-33,NONE,NONE,STRAIGHT,15,0,,1,0,0,0,90,fallback_after_local_fail:no_local_line,1,0,1,no_local_line,mode_NONE;hough_0;v0_2_local_first_used
lap2_problem_section_v0_1,105.440000,111.640000,3225,79,1780899118.562907457,108.087359905,27.025881,8.864490,16,86,0,0,0,0,,,,,,287,-33,NONE,NONE,STRAIGHT,16,0,,1,0,0,0,90,fallback_after_local_fail:no_local_line,1,0,1,no_local_line,mode_NONE;hough_0;v0_2_local_first_used
lap2_problem_section_v0_1,105.440000,111.640000,3226,80,1780899118.601916790,108.126369238,27.038210,8.934879,16,85,5,0,0,0,,,,,,287,-33,NONE,NONE,STRAIGHT,17,0,,1,0,0,0,90,fallback_after_local_fail:no_local_line,1,0,1,no_local_line,mode_NONE;hough_0;v0_2_local_first_used
lap2_problem_section_v0_1,105.440000,111.640000,3227,81,1780899118.632880449,108.157332897,26.819957,9.026924,16,84,8,0,0,0,,,,,,287,-33,NONE,NONE,STRAIGHT,18,0,,1,0,0,0,90,fallback_after_local_fail:no_local_line,1,0,1,no_local_line,mode_NONE;hough_0;v0_2_local_first_used
lap2_problem_section_v0_1,105.440000,111.640000,3228,82,1780899118.664240122,108.188692570,26.871037,9.136534,17,85,0,0,0,0,,,,,,287,-33,NONE,NONE,STRAIGHT,19,0,,1,0,0,0,90,fallback_after_local_fail:no_local_line,1,0,1,no_local_line,mode_NONE;hough_0;v0_2_local_first_used
lap2_problem_section_v0_1,105.440000,111.640000,3229,83,1780899118.700647116,108.225099564,27.203239,9.280256,16,86,0,0,0,0,,,,,,287,-33,NONE,NONE,STRAIGHT,20,0,,1,0,0,0,90,fallback_after_local_fail:no_local_line,1,0,1,no_local_line,mode_NONE;hough_0;v0_2_local_first_used
lap2_problem_section_v0_1,105.440000,111.640000,3230,84,1780899118.732601643,108.257054090,27.275355,9.448316,17,85,0,0,0,0,,,,,,287,-33,NONE,NONE,STRAIGHT,21,0,,1,0,0,0,90,fallback_after_local_fail:no_local_line,1,0,1,no_local_line,mode_NONE;hough_0;v0_2_local_first_used
lap2_problem_section_v0_1,105.440000,111.640000,3231,85,1780899118.763970852,108.288423300,27.359418,9.558683,16,86,0,0,0,0,,,,,,287,-33,NONE,NONE,STRAIGHT,22,0,,1,0,0,0,90,fallback_after_local_fail:no_local_line,1,0,1,no_local_line,mode_NONE;hough_0;v0_2_local_first_used
lap2_problem_section_v0_1,105.440000,111.640000,3232,86,1780899118.801489115,108.325941563,27.480327,9.584855,17,86,0,0,0,0,,,,,,287,-33,NONE,NONE,STRAIGHT,23,0,,1,0,0,0,90,fallback_after_local_fail:no_local_line,1,0,1,no_local_line,mode_NONE;hough_0;v0_2_local_first_used
lap2_problem_section_v0_1,105.440000,111.640000,3233,87,1780899118.833215714,108.357668161,27.552457,9.712159,17,88,12,0,0,0,,,,,,287,-33,NONE,NONE,STRAIGHT,24,0,,1,0,0,0,90,fallback_after_local_fail:no_local_line,1,0,1,no_local_line,mode_NONE;hough_0;v0_2_local_first_used
lap2_problem_section_v0_1,105.440000,111.640000,3234,88,1780899118.869791508,108.394243956,27.934602,9.994785,17,88,0,0,0,0,,,,,,287,-33,NONE,NONE,STRAIGHT,25,0,,1,0,0,0,90,fallback_after_local_fail:no_local_line,1,0,1,no_local_line,mode_NONE;hough_0;v0_2_local_first_used
lap2_problem_section_v0_1,105.440000,111.640000,3235,89,1780899118.901304007,108.425756454,28.015469,10.399482,16,90,0,0,0,0,,,,,,287,-33,NONE,NONE,STRAIGHT,26,0,,1,0,0,0,90,fallback_after_local_fail:no_local_line,1,0,1,no_local_line,mode_NONE;hough_0;v0_2_local_first_used
lap2_problem_section_v0_1,105.440000,111.640000,3236,90,1780899118.931888819,108.456341267,28.321165,10.497668,18,92,0,0,0,0,,,,,,287,-33,NONE,NONE,STRAIGHT,27,0,,1,0,0,0,90,fallback_after_local_fail:no_local_line,1,0,1,no_local_line,mode_NONE;hough_0;v0_2_local_first_used
lap2_problem_section_v0_1,105.440000,111.640000,3237,91,1780899118.968499422,108.492951870,28.370682,10.496918,16,92,0,0,0,0,,,,,,287,-33,NONE,NONE,STRAIGHT,28,0,,1,0,0,0,90,fallback_after_local_fail:no_local_line,1,0,1,no_local_line,mode_NONE;hough_0;v0_2_local_first_used
lap2_problem_section_v0_1,105.440000,111.640000,3238,92,1780899118.999143362,108.523595810,28.501420,10.555620,17,91,0,0,0,0,,,,,,287,-33,NONE,NONE,STRAIGHT,29,0,,1,0,0,0,90,fallback_after_local_fail:no_local_line,1,0,1,no_local_line,mode_NONE;hough_0;v0_2_local_first_used
lap2_problem_section_v0_1,105.440000,111.640000,3239,93,1780899119.036871910,108.561324358,28.378835,10.765705,17,92,0,0,0,0,,,,,,287,-33,NONE,NONE,STRAIGHT,30,0,,1,0,0,0,90,fallback_after_local_fail:no_local_line,1,0,1,no_local_line,mode_NONE;hough_0;v0_2_local_first_used
lap2_problem_section_v0_1,105.440000,111.640000,3240,94,1780899119.068634987,108.593087435,28.505938,10.898389,16,91,0,0,0,0,,,,,,287,-33,NONE,NONE,STRAIGHT,31,0,,1,0,0,0,90,fallback_after_local_fail:no_local_line,1,0,1,no_local_line,mode_NONE;hough_0;v0_2_local_first_used
lap2_problem_section_v0_1,105.440000,111.640000,3241,95,1780899119.098753214,108.623205662,28.306051,10.833084,18,94,0,0,0,0,,,,,,287,-33,NONE,NONE,STRAIGHT,32,0,,1,0,0,0,90,fallback_after_local_fail:no_local_line,1,0,1,no_local_line,mode_NONE;hough_0;v0_2_local_first_used
lap2_problem_section_v0_1,105.440000,111.640000,3242,96,1780899119.138428211,108.662880659,28.715199,11.049804,17,94,0,0,0,0,,,,,,287,-33,NONE,NONE,STRAIGHT,33,0,,1,0,0,0,90,fallback_after_local_fail:no_local_line,1,0,1,no_local_line,mode_NONE;hough_0;v0_2_local_first_used
lap2_problem_section_v0_1,105.440000,111.640000,3243,97,1780899119.170402527,108.694854975,28.667599,11.135566,16,95,0,0,0,0,,,,,,287,-33,NONE,NONE,STRAIGHT,34,0,,1,0,0,0,90,fallback_after_local_fail:no_local_line,1,0,1,no_local_line,mode_NONE;hough_0;v0_2_local_first_used
lap2_problem_section_v0_1,105.440000,111.640000,3244,98,1780899119.200842142,108.725294590,28.810682,11.277422,17,95,0,0,0,0,,,,,,287,-33,NONE,NONE,STRAIGHT,35,0,,1,0,0,0,90,fallback_after_local_fail:no_local_line,1,0,1,no_local_line,mode_NONE;hough_0;v0_2_local_first_used
lap2_problem_section_v0_1,105.440000,111.640000,3245,99,1780899119.237714767,108.762167215,29.008750,11.469827,16,97,0,0,0,0,,,,,,287,-33,NONE,NONE,STRAIGHT,36,0,,1,0,0,0,90,fallback_after_local_fail:no_local_line,1,0,1,no_local_line,mode_NONE;hough_0;v0_2_local_first_used
lap2_problem_section_v0_1,105.440000,111.640000,3246,100,1780899119.271024704,108.795477152,29.081719,11.404624,17,95,0,0,0,0,,,,,,287,-33,NONE,NONE,STRAIGHT,37,0,,1,0,0,0,90,fallback_after_local_fail:no_local_line,1,0,1,no_local_line,mode_NONE;hough_0;v0_2_local_first_used
lap2_problem_section_v0_1,105.440000,111.640000,3247,101,1780899119.304440737,108.828893185,29.318281,11.483084,17,96,0,0,0,0,,,,,,287,-33,NONE,NONE,STRAIGHT,38,0,,1,0,0,0,90,fallback_after_local_fail:no_local_line,1,0,1,no_local_line,mode_NONE;hough_0;v0_2_local_first_used
lap2_problem_section_v0_1,105.440000,111.640000,3248,102,1780899119.337234735,108.861687183,29.492685,11.655154,17,96,0,0,0,0,,,,,,287,-33,NONE,NONE,STRAIGHT,39,0,,1,0,0,0,90,fallback_after_local_fail:no_local_line,1,0,1,no_local_line,mode_NONE;hough_0;v0_2_local_first_used
lap2_problem_section_v0_1,105.440000,111.640000,3249,103,1780899119.367237806,108.891690254,29.422656,11.831087,16,101,0,0,0,0,,,,,,287,-33,NONE,NONE,STRAIGHT,40,0,,1,0,0,0,90,fallback_after_local_fail:no_local_line,1,0,1,no_local_line,mode_NONE;hough_0;v0_2_local_first_used
lap2_problem_section_v0_1,105.440000,111.640000,3250,104,1780899119.405404568,108.929857016,29.658480,12.045051,17,98,0,0,0,0,,,,,,287,-33,NONE,NONE,STRAIGHT,41,0,,1,0,0,0,90,fallback_after_local_fail:no_local_line,1,0,1,no_local_line,mode_NONE;hough_0;v0_2_local_first_used
lap2_problem_section_v0_1,105.440000,111.640000,3251,105,1780899119.436339140,108.960791588,30.045881,12.294753,18,101,0,0,0,0,,,,,,287,-33,NONE,NONE,STRAIGHT,42,0,,1,0,0,0,90,fallback_after_local_fail:no_local_line,1,0,1,no_local_line,mode_NONE;hough_0;v0_2_local_first_used
lap2_problem_section_v0_1,105.440000,111.640000,3252,106,1780899119.468293905,108.992746353,30.226619,12.450173,17,102,0,0,0,0,,,,,,287,-33,NONE,NONE,STRAIGHT,43,0,,1,0,0,0,90,fallback_after_local_fail:no_local_line,1,0,1,no_local_line,mode_NONE;hough_0;v0_2_local_first_used
lap2_problem_section_v0_1,105.440000,111.640000,3253,107,1780899119.504354715,109.028807163,30.470597,12.599864,16,100,0,0,0,0,,,,,,287,-33,NONE,NONE,STRAIGHT,44,0,,1,0,0,0,90,fallback_after_local_fail:no_local_line,1,0,1,no_local_line,mode_NONE;hough_0;v0_2_local_first_used
lap2_problem_section_v0_1,105.440000,111.640000,3254,108,1780899119.536018610,109.060471058,30.462599,12.651836,17,104,4,0,0,0,,,,,,287,-33,NONE,NONE,STRAIGHT,45,0,,1,0,0,0,90,fallback_after_local_fail:no_local_line,1,0,1,no_local_line,mode_NONE;hough_0;v0_2_local_first_used
lap2_problem_section_v0_1,105.440000,111.640000,3255,109,1780899119.573276281,109.097728729,30.483239,12.636994,16,106,8,0,0,0,,,,,,287,-33,NONE,NONE,STRAIGHT,46,0,,1,0,0,0,90,fallback_after_local_fail:no_local_line,1,0,1,no_local_line,mode_NONE;hough_0;v0_2_local_first_used
lap2_problem_section_v0_1,105.440000,111.640000,3256,110,1780899119.604254723,109.128707170,30.570000,12.743343,16,110,0,0,0,0,,,,,,287,-33,NONE,NONE,STRAIGHT,47,0,,1,0,0,0,90,fallback_after_local_fail:no_local_line,1,0,1,no_local_line,mode_NONE;hough_0;v0_2_local_first_used
lap2_problem_section_v0_1,105.440000,111.640000,3257,111,1780899119.636390448,109.160842896,30.857273,12.960098,16,117,0,0,0,0,,,,,,287,-33,NONE,NONE,STRAIGHT,48,0,,1,0,0,0,90,fallback_after_local_fail:no_local_line,1,0,1,no_local_line,mode_NONE;hough_0;v0_2_local_first_used
lap2_problem_section_v0_1,105.440000,111.640000,3258,112,1780899119.672055721,109.196508169,31.311563,13.519134,17,119,36,1,1,0,-0.147058824,,-339,,,0,-320,LEFT,LEFT,STRAIGHT,0,287,,1,0,0,0,90,fallback_after_local_fail:no_local_line,1,0,1,no_local_line,center_jump;v0_2_local_first_used
lap2_problem_section_v0_1,105.440000,111.640000,3259,113,1780899119.704487562,109.228940010,31.575412,13.818608,16,121,47,1,1,0,-0.130434783,,-375,,,0,-320,LEFT,LEFT,STRAIGHT,0,0,,1,0,0,0,90,fallback_after_local_fail:no_local_line,1,0,1,no_local_line,v0_2_local_first_used
lap2_problem_section_v0_1,105.440000,111.640000,3260,114,1780899119.736455441,109.260907888,31.835327,14.208237,18,126,56,1,1,0,-0.148148148,,-317,,,0,-320,LEFT,LEFT,STRAIGHT,0,0,,1,0,0,0,90,fallback_after_local_fail:no_local_line,1,0,1,no_local_line,v0_2_local_first_used
lap2_problem_section_v0_1,105.440000,111.640000,3261,115,1780899119.772678852,109.297131300,32.090398,14.256877,16,130,56,1,1,0,-0.156862745,,-297,,,0,-320,LEFT,LEFT,STRAIGHT,0,0,,1,0,0,0,90,fallback_after_local_fail:no_local_line,1,0,1,no_local_line,v0_2_local_first_used
lap2_problem_section_v0_1,105.440000,111.640000,3262,116,1780899119.803780317,109.328232765,32.261009,14.556182,16,131,4,0,0,0,,,,,,0,-320,NONE,NONE,STRAIGHT,1,0,,1,0,0,0,90,fallback_after_local_fail:no_local_line,1,0,1,no_local_line,mode_NONE;hough_0;v0_2_local_first_used
lap2_problem_section_v0_1,105.440000,111.640000,3263,117,1780899119.839618683,109.364071131,32.479801,14.695199,17,132,55,1,1,0,-0.140000000,,-321,,,0,-320,LEFT,LEFT,STRAIGHT,0,0,,1,0,0,0,90,fallback_after_local_fail:no_local_line,1,0,1,no_local_line,v0_2_local_first_used
lap2_problem_section_v0_1,105.440000,111.640000,3264,118,1780899119.871775150,109.396227598,32.721960,14.810867,17,137,6,0,0,0,,,,,,0,-320,NONE,NONE,STRAIGHT,1,0,,1,0,0,0,90,fallback_after_local_fail:no_local_line,1,0,1,no_local_line,mode_NONE;hough_0;v0_2_local_first_used
lap2_problem_section_v0_1,105.440000,111.640000,3265,119,1780899119.904922724,109.429375172,33.073778,15.291963,16,136,56,1,1,0,-0.127659574,,-329,,,0,-320,LEFT,LEFT,STRAIGHT,0,0,,1,0,0,0,90,fallback_after_local_fail:no_local_line,1,0,1,no_local_line,v0_2_local_first_used
lap2_problem_section_v0_1,105.440000,111.640000,3266,120,1780899119.938918591,109.463371038,33.370511,15.580576,16,145,74,1,1,0,-0.111111111,,-369,,,0,-320,LEFT,LEFT,STRAIGHT,0,0,,1,0,0,0,90,fallback_after_local_fail:no_local_line,1,0,1,no_local_line,v0_2_local_first_used
lap2_problem_section_v0_1,105.440000,111.640000,3267,121,1780899119.972415686,109.496868134,33.604616,15.843171,17,146,300,5,1,4,-0.116279070,0.347826087,-344,597,941,126,-194,BOTH,BOTH,STRAIGHT,0,126,422,1,0,0,0,90,fallback_after_local_fail:no_local_line,1,0,1,no_local_line,center_jump;lane_width_jump;v0_2_local_first_used
lap2_problem_section_v0_1,105.440000,111.640000,3268,122,1780899120.011414051,109.535866499,33.981491,16.055489,16,145,332,4,1,3,-0.142857143,0.384615385,-266,580,846,157,-163,BOTH,BOTH,STRAIGHT,0,31,95,1,0,0,0,90,fallback_after_local_fail:no_local_line,1,0,1,no_local_line,v0_2_local_first_used
lap2_problem_section_v0_1,105.440000,111.640000,3269,123,1780899120.041455984,109.565908432,34.369119,16.200787,17,145,82,1,1,0,-0.150000000,,-246,,,107,-213,LEFT,LEFT,STRAIGHT,0,50,,1,0,0,0,90,fallback_after_local_fail:no_local_line,1,0,1,no_local_line,v0_2_local_first_used
lap2_problem_section_v0_1,105.440000,111.640000,3270,124,1780899120.073596001,109.598048449,34.383920,16.537012,16,149,340,3,0,3,,0.387096774,,576,,222,-98,RIGHT,RIGHT,STRAIGHT,0,115,,1,0,0,0,90,fallback_after_local_fail:no_local_line,1,0,1,no_local_line,center_jump;v0_2_local_first_used
lap2_problem_section_v0_1,105.440000,111.640000,3271,125,1780899120.110347033,109.634799480,34.948196,16.952931,16,164,335,3,1,2,-0.111111111,0.385245902,-306,573,879,133,-187,BOTH,BOTH,STRAIGHT,0,89,33,1,0,0,0,90,fallback_after_local_fail:no_local_line,1,0,1,no_local_line,center_jump;v0_2_local_first_used
lap2_problem_section_v0_1,105.440000,111.640000,3272,126,1780899120.138765335,109.663217783,35.518437,17.342080,16,169,349,3,0,3,,0.387096774,,575,,195,-125,RIGHT,RIGHT,STRAIGHT,0,62,,1,0,0,0,90,fallback_after_local_fail:no_local_line,1,0,1,no_local_line,v0_2_local_first_used
lap2_problem_section_v0_1,105.440000,111.640000,3273,127,1780899120.171411276,109.695863724,35.810341,17.729941,16,176,331,4,0,4,,0.368421053,,577,,197,-123,RIGHT,RIGHT,STRAIGHT,0,2,,1,0,0,0,90,fallback_after_local_fail:no_local_line,1,0,1,no_local_line,v0_2_local_first_used
lap2_problem_section_v0_1,105.440000,111.640000,3274,128,1780899120.206791162,109.731243610,36.211818,18.190792,16,206,350,3,0,3,,0.392857143,,569,,189,-131,RIGHT,RIGHT,STRAIGHT,0,8,,1,0,0,0,90,fallback_after_local_fail:no_local_line,1,0,1,no_local_line,v0_2_local_first_used
lap2_problem_section_v0_1,105.440000,111.640000,3275,129,1780899120.238450050,109.762902498,36.844403,18.547640,16,229,321,2,0,2,,0.383928571,,570,,190,-130,RIGHT,RIGHT,STRAIGHT,0,1,,1,0,0,0,90,fallback_after_local_fail:no_local_line,1,0,1,no_local_line,v0_2_local_first_used
lap2_problem_section_v0_1,105.440000,111.640000,3276,130,1780899120.276417017,109.800869465,37.182415,19.031747,16,219,342,2,0,2,,0.383838384,,567,,187,-133,RIGHT,RIGHT,STRAIGHT,0,3,,1,0,0,0,90,fallback_after_local_fail:no_local_line,1,0,1,no_local_line,v0_2_local_first_used
lap2_problem_section_v0_1,105.440000,111.640000,3277,131,1780899120.306808710,109.831261158,37.689134,19.243228,16,234,333,4,0,4,,0.349206349,,574,,194,-126,RIGHT,RIGHT,STRAIGHT,0,7,,1,0,0,0,90,fallback_after_local_fail:no_local_line,1,0,1,no_local_line,v0_2_local_first_used
lap2_problem_section_v0_1,105.440000,111.640000,3278,132,1780899120.338551760,109.863004208,38.105128,19.485973,16,232,340,2,0,2,,0.382978723,,562,,182,-138,RIGHT,RIGHT,STRAIGHT,0,12,,1,0,0,0,90,fallback_after_local_fail:no_local_line,1,0,1,no_local_line,v0_2_local_first_used
lap2_problem_section_v0_1,105.440000,111.640000,3279,133,1780899120.374691010,109.899143457,38.482173,19.782770,17,219,350,3,0,3,,0.346153846,,573,,193,-127,RIGHT,RIGHT,STRAIGHT,0,11,,1,0,0,0,90,fallback_after_local_fail:no_local_line,1,0,1,no_local_line,v0_2_local_first_used
lap2_problem_section_v0_1,105.440000,111.640000,3280,134,1780899120.406796455,109.931248903,39.411463,20.588728,16,234,341,4,0,4,,0.342105263,,571,,191,-129,RIGHT,RIGHT,STRAIGHT,0,2,,1,0,0,0,90,fallback_after_local_fail:no_local_line,1,0,1,no_local_line,v0_2_local_first_used
lap2_problem_section_v0_1,105.440000,111.640000,3281,135,1780899120.438595772,109.963048220,40.091534,21.351309,17,235,357,5,0,4,,0.392857143,,555,,175,-145,RIGHT,RIGHT,STRAIGHT,0,16,,1,0,0,0,90,fallback_after_local_fail:no_local_line,1,0,1,no_local_line,v0_2_local_first_used
lap2_problem_section_v0_1,105.440000,111.640000,3282,136,1780899120.474482298,109.998934746,40.647528,21.436758,17,235,355,3,0,3,,0.375000000,,556,,176,-144,RIGHT,RIGHT,STRAIGHT,0,1,,1,0,0,0,90,fallback_after_local_fail:no_local_line,1,0,1,no_local_line,v0_2_local_first_used
lap2_problem_section_v0_1,105.440000,111.640000,3283,137,1780899120.506863832,110.031316280,41.337017,21.874628,16,235,368,4,1,3,-2.846153846,0.360655738,3,558,555,210,-110,BOTH,BOTH,LEFT,0,34,324,1,0,0,0,90,fallback_after_local_fail:no_local_line,1,0,1,no_local_line,lane_width_jump;v0_2_local_first_used
lap2_problem_section_v0_1,105.440000,111.640000,3284,138,1780899120.542409182,110.066861629,41.839347,22.045333,16,235,90,2,2,0,-2.545454545,,1,,,258,-62,LEFT,BOTH,LEFT,0,48,,1,1,1,0,90,success,1,1,0,success,v0_2_local_first_used;v0_2_local_accept
lap2_problem_section_v0_1,105.440000,111.640000,3285,139,1780899120.574558496,110.099010944,42.302358,22.439427,16,235,87,1,1,0,-2.533333333,,0,,,241,-79,LEFT,BOTH,LEFT,0,17,,1,1,1,0,90,success,1,1,0,success,v0_2_local_first_used;v0_2_local_accept
lap2_problem_section_v0_1,105.440000,111.640000,3286,140,1780899120.607797146,110.132249594,42.894631,22.743464,16,235,85,1,1,0,-2.384615385,,-2,,,228,-92,LEFT,BOTH,LEFT,0,13,,1,1,1,0,90,success,1,1,0,success,v0_2_local_first_used;v0_2_local_accept
lap2_problem_section_v0_1,105.440000,111.640000,3287,141,1780899120.642514229,110.166966677,43.415980,22.962749,18,235,73,1,1,0,-2.416666667,,-4,,,226,-94,LEFT,RIGHT,LEFT,0,2,,1,1,1,0,90,success,1,1,0,success,v0_2_local_first_used;v0_2_local_accept
lap2_problem_section_v0_1,105.440000,111.640000,3288,142,1780899120.674479008,110.198931456,44.269673,23.194143,17,235,65,1,1,0,-2.400000000,,-6,,,224,-96,LEFT,RIGHT,LEFT,0,2,,1,1,1,0,90,success,1,1,0,success,v0_2_local_first_used;v0_2_local_accept
lap2_problem_section_v0_1,105.440000,111.640000,3289,143,1780899120.706709385,110.231161833,45.002543,23.384778,17,235,54,1,1,0,-3.000000000,,-5,,,225,-95,LEFT,RIGHT,LEFT,0,1,,1,1,1,0,90,success,1,1,0,success,v0_2_local_first_used;v0_2_local_accept
lap2_problem_section_v0_1,105.440000,111.640000,3290,144,1780899120.744019270,110.268471718,45.791705,23.589646,16,235,40,1,1,0,-2.714285714,,-6,,,224,-96,LEFT,RIGHT,LEFT,0,1,,1,1,1,0,90,success,1,1,0,success,v0_2_local_first_used;v0_2_local_accept
lap2_problem_section_v0_1,105.440000,111.640000,3291,145,1780899120.774434805,110.298887253,46.792557,23.803586,16,235,33,1,1,0,-3.285714286,,-6,,,224,-96,LEFT,RIGHT,LEFT,0,0,,1,1,1,0,90,success,1,1,0,success,v0_2_local_first_used;v0_2_local_accept
lap2_problem_section_v0_1,105.440000,111.640000,3292,146,1780899120.810524702,110.334977150,47.641960,23.927093,16,235,226,4,1,3,-4.166666667,0.424657534,-5,527,532,191,-129,BOTH,RIGHT,LEFT,0,33,23,1,1,1,1,90,success,1,1,0,success,v0_2_local_first_used;v0_2_local_accept
lap2_problem_section_v0_1,105.440000,111.640000,3293,147,1780899120.842514515,110.366966963,48.486193,24.129748,16,235,227,3,1,2,-5.000000000,0.404580153,-5,523,528,189,-131,BOTH,RIGHT,LEFT,0,2,4,1,1,1,1,90,success,1,1,0,success,v0_2_local_first_used;v0_2_local_accept
lap2_problem_section_v0_1,105.440000,111.640000,3294,148,1780899120.874581814,110.399034262,49.712230,24.301025,16,235,224,3,0,3,,0.418604651,,518,,235,-85,RIGHT,RIGHT,STRAIGHT,0,46,,1,1,0,1,90,success,1,1,0,success,v0_2_local_first_used;v0_2_local_accept
lap2_problem_section_v0_1,105.440000,111.640000,3295,149,1780899120.910711050,110.435163498,50.879389,24.549011,16,235,224,2,0,2,,0.416666667,,515,,232,-88,RIGHT,RIGHT,STRAIGHT,0,3,,1,1,0,1,90,success,1,1,0,success,v0_2_local_first_used;v0_2_local_accept
lap2_problem_section_v0_1,105.440000,111.640000,3296,150,1780899120.942700624,110.467153072,52.081236,24.897439,16,235,220,3,0,3,,0.403100775,,512,,229,-91,RIGHT,RIGHT,STRAIGHT,0,3,,1,1,0,1,90,success,1,1,0,success,v0_2_local_first_used;v0_2_local_accept
lap2_problem_section_v0_1,105.440000,111.640000,3297,151,1780899120.978419542,110.502871990,53.658509,25.355704,16,235,209,2,0,2,,0.360000000,,514,,231,-89,RIGHT,RIGHT,STRAIGHT,0,2,,1,1,0,1,90,success,1,1,0,success,v0_2_local_first_used;v0_2_local_accept
lap2_problem_section_v0_1,105.440000,111.640000,3298,152,1780899121.010428190,110.534880638,55.159020,25.852835,16,235,203,3,0,3,,0.425000000,,505,,222,-98,RIGHT,RIGHT,STRAIGHT,0,9,,1,1,0,1,90,success,1,1,0,success,v0_2_local_first_used;v0_2_local_accept
lap2_problem_section_v0_1,105.440000,111.640000,3299,153,1780899121.042319775,110.566772223,56.366676,26.431641,16,235,253,3,0,3,,0.384615385,,531,,248,-72,RIGHT,RIGHT,STRAIGHT,0,26,,1,1,0,1,90,success,1,1,0,success,v0_2_local_first_used;v0_2_local_accept
lap2_problem_section_v0_1,105.440000,111.640000,3300,154,1780899121.078356981,110.602809429,57.504318,27.048867,16,235,375,6,0,6,,0.405405405,,528,,245,-75,RIGHT,RIGHT,STRAIGHT,0,3,,1,1,0,1,90,success,1,1,0,success,v0_2_local_first_used;v0_2_local_accept
lap2_problem_section_v0_1,105.440000,111.640000,3301,155,1780899121.110630751,110.635083199,59.178196,27.671396,16,235,279,4,0,4,,0.357142857,,531,,248,-72,RIGHT,RIGHT,STRAIGHT,0,3,,1,1,0,1,90,success,1,1,0,success,v0_2_local_first_used;v0_2_local_accept
lap2_problem_section_v0_1,105.440000,111.640000,3302,156,1780899121.143193007,110.667645454,60.646349,28.183098,16,235,285,4,0,4,,0.358490566,,527,,244,-76,RIGHT,RIGHT,STRAIGHT,0,4,,1,1,0,1,90,success,1,1,0,success,v0_2_local_first_used;v0_2_local_accept
lap2_problem_section_v0_1,105.440000,111.640000,3303,157,1780899121.178356647,110.702809095,62.421435,28.886697,16,232,414,5,0,5,,0.385245902,,519,,236,-84,RIGHT,RIGHT,STRAIGHT,0,8,,1,1,0,1,90,success,1,1,0,success,v0_2_local_first_used;v0_2_local_accept
lap2_problem_section_v0_1,105.440000,111.640000,3304,158,1780899121.210243940,110.734696388,64.809276,29.824709,16,235,411,5,0,5,,0.404494382,,515,,232,-88,RIGHT,RIGHT,STRAIGHT,0,4,,1,1,0,1,90,success,1,1,0,success,v0_2_local_first_used;v0_2_local_accept
lap2_problem_section_v0_1,105.440000,111.640000,3305,159,1780899121.248392582,110.772845030,66.571591,30.472888,16,235,436,6,0,6,,0.383458647,,509,,226,-94,RIGHT,RIGHT,STRAIGHT,0,6,,1,1,0,1,90,success,1,1,0,success,v0_2_local_first_used;v0_2_local_accept
lap2_problem_section_v0_1,105.440000,111.640000,3306,160,1780899121.278332710,110.802785158,68.888253,31.213844,16,235,452,7,0,7,,0.404109589,,508,,225,-95,RIGHT,RIGHT,STRAIGHT,0,1,,1,1,0,1,90,success,1,1,0,success,v0_2_local_first_used;v0_2_local_accept
lap2_problem_section_v0_1,105.440000,111.640000,3307,161,1780899121.311014652,110.835467100,71.245753,31.778172,16,235,480,9,0,9,,0.402298851,,506,,223,-97,RIGHT,RIGHT,STRAIGHT,0,2,,1,1,0,1,90,success,1,1,0,success,v0_2_local_first_used;v0_2_local_accept
lap2_problem_section_v0_1,105.440000,111.640000,3308,162,1780899121.349254608,110.873707056,73.776165,32.378867,16,235,485,7,0,7,,0.418181818,,502,,219,-101,RIGHT,RIGHT,STRAIGHT,0,4,,1,1,0,1,90,success,1,1,0,success,v0_2_local_first_used;v0_2_local_accept
lap2_problem_section_v0_1,105.440000,111.640000,3309,163,1780899121.378895044,110.903347492,76.182955,32.936329,16,236,569,11,0,11,,0.458333333,,508,,225,-95,RIGHT,RIGHT,STRAIGHT,0,6,,1,1,0,1,90,success,1,1,0,success,v0_2_local_first_used;v0_2_local_accept
lap2_problem_section_v0_1,105.440000,111.640000,3310,164,1780899121.410580397,110.935032845,78.799886,33.463385,16,235,546,8,0,8,,0.403726708,,494,,211,-109,RIGHT,RIGHT,STRAIGHT,0,14,,1,1,0,1,90,success,1,1,0,success,v0_2_local_first_used;v0_2_local_accept
lap2_problem_section_v0_1,105.440000,111.640000,3311,165,1780899121.447457314,110.971909761,81.918494,34.045910,16,235,515,6,0,6,,0.405228758,,491,,208,-112,RIGHT,RIGHT,STRAIGHT,0,3,,1,1,0,1,90,success,1,1,0,success,v0_2_local_first_used;v0_2_local_accept
lap2_problem_section_v0_1,105.440000,111.640000,3312,166,1780899121.478409052,111.002861500,84.832699,34.529385,16,235,561,9,0,9,,0.406451613,,489,,206,-114,RIGHT,RIGHT,STRAIGHT,0,2,,1,1,0,1,90,success,1,1,0,success,v0_2_local_first_used;v0_2_local_accept
lap2_problem_section_v0_1,105.440000,111.640000,3313,167,1780899121.516321898,111.040774345,87.753310,35.213367,16,235,559,8,0,8,,0.404255319,,485,,202,-118,RIGHT,RIGHT,STRAIGHT,0,4,,1,1,0,1,90,success,1,1,0,success,v0_2_local_first_used;v0_2_local_accept
lap2_problem_section_v0_1,105.440000,111.640000,3314,168,1780899121.547929287,111.072381735,90.402315,35.989588,16,235,546,7,0,7,,0.403361345,,483,,200,-120,RIGHT,RIGHT,STRAIGHT,0,2,,1,1,0,1,90,success,1,1,0,success,v0_2_local_first_used;v0_2_local_accept
lap2_problem_section_v0_1,105.440000,111.640000,3315,169,1780899121.579111814,111.103564262,93.274332,36.804858,16,235,559,7,0,7,,0.421965318,,482,,199,-121,RIGHT,RIGHT,STRAIGHT,0,1,,1,1,0,1,90,success,1,1,0,success,v0_2_local_first_used;v0_2_local_accept
lap2_problem_section_v0_1,105.440000,111.640000,3316,170,1780899121.616241932,111.140694380,95.989403,37.676942,16,236,546,6,0,6,,0.421965318,,480,,197,-123,RIGHT,RIGHT,STRAIGHT,0,2,,1,1,0,1,90,success,1,1,0,success,v0_2_local_first_used;v0_2_local_accept
lap2_problem_section_v0_1,105.440000,111.640000,3317,171,1780899121.648218870,111.172671318,99.358239,39.017776,16,235,607,9,0,9,,0.426470588,,477,,194,-126,RIGHT,RIGHT,STRAIGHT,0,3,,1,1,0,1,90,success,1,1,0,success,v0_2_local_first_used;v0_2_local_accept
lap2_problem_section_v0_1,105.440000,111.640000,3318,172,1780899121.680681467,111.205133915,102.443963,40.159461,16,235,599,10,0,10,,0.440559441,,475,,192,-128,RIGHT,RIGHT,STRAIGHT,0,2,,1,1,0,1,90,success,1,1,0,success,v0_2_local_first_used;v0_2_local_accept
lap2_problem_section_v0_1,105.440000,111.640000,3319,173,1780899121.716430187,111.240882635,104.956094,41.245165,16,236,585,10,0,10,,0.445454545,,475,,192,-128,RIGHT,RIGHT,STRAIGHT,0,0,,1,1,0,1,90,success,1,1,0,success,v0_2_local_first_used;v0_2_local_accept
lap2_problem_section_v0_1,105.440000,111.640000,3320,174,1780899121.748135567,111.272588015,107.774503,42.302479,16,236,567,8,0,8,,0.442857143,,472,,189,-131,RIGHT,RIGHT,STRAIGHT,0,3,,1,1,0,1,90,success,1,1,0,success,v0_2_local_first_used;v0_2_local_accept
lap2_problem_section_v0_1,105.440000,111.640000,3321,175,1780899121.782451391,111.306903839,110.162997,43.410475,16,235,541,6,0,6,,0.441558442,,468,,185,-135,RIGHT,RIGHT,STRAIGHT,0,4,,1,1,0,1,90,success,1,1,0,success,v0_2_local_first_used;v0_2_local_accept
lap2_problem_section_v0_1,105.440000,111.640000,3322,176,1780899121.815783978,111.340236425,112.607131,44.259772,16,236,503,6,0,6,,0.445454545,,469,,186,-134,RIGHT,RIGHT,STRAIGHT,0,1,,1,1,0,1,90,success,1,1,0,success,v0_2_local_first_used;v0_2_local_accept
lap2_problem_section_v0_1,105.440000,111.640000,3323,177,1780899121.846743822,111.371196270,115.102642,45.231123,16,236,472,5,0,5,,0.445312500,,466,,183,-137,RIGHT,RIGHT,STRAIGHT,0,3,,1,1,0,1,90,success,1,1,0,success,v0_2_local_first_used;v0_2_local_accept
lap2_problem_section_v0_1,105.440000,111.640000,3324,178,1780899121.885480404,111.409932852,117.526051,46.111208,16,236,458,4,0,4,,0.460869565,,467,,184,-136,RIGHT,RIGHT,STRAIGHT,0,1,,1,1,0,1,90,success,1,1,0,success,v0_2_local_first_used;v0_2_local_accept
lap2_problem_section_v0_1,105.440000,111.640000,3325,179,1780899121.914848328,111.439300776,120.269048,46.955315,16,236,435,4,0,4,,0.468531469,,465,,182,-138,RIGHT,RIGHT,STRAIGHT,0,2,,1,1,0,1,90,success,1,1,0,success,v0_2_local_first_used;v0_2_local_accept
lap2_problem_section_v0_1,105.440000,111.640000,3326,180,1780899121.950803041,111.475255489,124.187884,47.651614,16,236,378,4,0,4,,0.469230769,,463,,180,-140,RIGHT,RIGHT,STRAIGHT,0,2,,1,1,0,1,90,success,1,1,0,success,v0_2_local_first_used;v0_2_local_accept
lap2_problem_section_v0_1,105.440000,111.640000,3327,181,1780899121.982702255,111.507154703,128.578097,48.340328,16,236,327,3,0,3,,0.473684211,,458,,175,-145,RIGHT,RIGHT,STRAIGHT,0,5,,1,1,0,1,90,success,1,1,0,success,v0_2_local_first_used;v0_2_local_accept
lap2_problem_section_v0_1,105.440000,111.640000,3328,182,1780899122.014775991,111.539228439,132.177656,49.023841,16,236,288,4,0,4,,0.473684211,,455,,172,-148,RIGHT,RIGHT,STRAIGHT,0,3,,1,1,0,1,90,success,1,1,0,success,v0_2_local_first_used;v0_2_local_accept
lap2_problem_section_v0_1,105.440000,111.640000,3329,183,1780899122.050799608,111.575252056,135.441264,49.627921,16,236,271,4,0,4,,0.500000000,,457,,174,-146,RIGHT,RIGHT,STRAIGHT,0,2,,1,1,0,1,90,success,1,1,0,success,v0_2_local_first_used;v0_2_local_accept
lap2_problem_section_v0_1,105.440000,111.640000,3330,184,1780899122.084431171,111.608883619,138.188011,50.295381,16,236,249,3,0,3,,0.517241379,,458,,175,-145,RIGHT,RIGHT,STRAIGHT,0,1,,1,1,0,1,90,success,1,1,0,success,v0_2_local_first_used;v0_2_local_accept
