segment_name,segment_start_sec,segment_end_sec,frame_idx,processed_idx,bag_abs_time,bag_rel_time,roi_mean,roi_std,roi_min,roi_max,edge_pixel_count,hough_line_count,left_line_count,right_line_count,left_slope,right_slope,lpos,rpos,lane_width,center,center_error,mode,baseline_mode,corner,fail_count,center_jump,lane_width_jump,recovery_used,recovery_success,recovery_left_found,recovery_right_found,recovery_window_px,recovery_reason,suspicious_reasons
lap2_problem_section_v1,105.000000,112.500000,3133,0,1780899115.480012178,105.004464626,115.089588,62.421281,16,235,579,6,2,4,-0.800000000,0.680000000,75,578,503,326,6,BOTH,BOTH,STRAIGHT,0,6,,0,0,0,0,90,,
lap2_problem_section_v1,105.000000,112.500000,3134,1,1780899115.516027689,105.040480137,113.808026,62.259457,16,236,596,7,3,4,-0.780952381,0.692307692,71,579,508,325,5,BOTH,BOTH,STRAIGHT,0,1,5,0,0,0,0,90,,
lap2_problem_section_v1,105.000000,112.500000,3135,2,1780899115.547625065,105.072077513,112.391776,62.104636,16,235,593,5,2,3,-0.755319149,0.604651163,69,606,537,337,17,BOTH,BOTH,STRAIGHT,0,12,29,0,0,0,0,90,,
lap2_problem_section_v1,105.000000,112.500000,3136,3,1780899115.579691887,105.104144335,110.713253,62.223411,16,236,608,6,2,4,-0.779220779,0.677419355,67,581,514,324,4,BOTH,BOTH,STRAIGHT,0,13,23,0,0,0,0,90,,
lap2_problem_section_v1,105.000000,112.500000,3137,4,1780899115.615861654,105.140314102,109.208182,62.491059,16,235,608,5,2,3,-0.783018868,0.641791045,67,605,538,336,16,BOTH,BOTH,STRAIGHT,0,12,24,0,0,0,0,90,,
lap2_problem_section_v1,105.000000,112.500000,3138,5,1780899115.647025585,105.171478033,107.908182,63.115663,16,236,619,6,2,4,-0.780701754,0.641025641,68,603,535,335,15,BOTH,BOTH,STRAIGHT,0,1,3,0,0,0,0,90,,
lap2_problem_section_v1,105.000000,112.500000,3139,6,1780899115.683083534,105.207535982,106.446776,63.779858,16,236,625,6,2,4,-0.782178218,0.630136986,67,605,538,336,16,BOTH,BOTH,STRAIGHT,0,1,3,0,0,0,0,90,,
lap2_problem_section_v1,105.000000,112.500000,3140,7,1780899115.715085983,105.239538431,105.407273,64.162636,16,236,660,5,2,3,-0.782178218,0.702702703,66,579,513,322,2,BOTH,BOTH,STRAIGHT,0,14,25,0,0,0,0,90,,
lap2_problem_section_v1,105.000000,112.500000,3141,8,1780899115.747891903,105.272344351,104.572003,64.261868,16,235,668,8,3,5,-0.800000000,0.710526316,68,578,510,323,3,BOTH,BOTH,STRAIGHT,0,1,3,0,0,0,0,90,,
lap2_problem_section_v1,105.000000,112.500000,3142,9,1780899115.783994675,105.308447123,103.312330,64.562202,16,236,706,7,3,4,-0.781250000,0.711111111,65,579,514,322,2,BOTH,BOTH,STRAIGHT,0,1,4,0,0,0,0,90,,
lap2_problem_section_v1,105.000000,112.500000,3143,10,1780899115.816855431,105.341307878,102.298878,64.593305,16,236,702,9,2,7,-0.780701754,0.641025641,65,603,538,334,14,BOTH,BOTH,STRAIGHT,0,12,24,0,0,0,0,90,,
lap2_problem_section_v1,105.000000,112.500000,3144,11,1780899115.851276875,105.375729322,101.532912,64.519127,16,236,786,5,2,3,-0.783333333,0.702479339,64,580,516,322,2,BOTH,BOTH,STRAIGHT,0,12,22,0,0,0,0,90,,
lap2_problem_section_v1,105.000000,112.500000,3145,12,1780899115.883847475,105.408299923,100.804815,64.674577,16,236,761,6,2,4,-0.796610169,0.720000000,64,580,516,322,2,BOTH,BOTH,STRAIGHT,0,0,0,0,0,0,0,90,,
lap2_problem_section_v1,105.000000,112.500000,3146,13,1780899115.918930769,105.443383217,100.522543,65.397084,16,235,722,6,2,4,-0.785046729,0.722222222,66,579,513,322,2,BOTH,BOTH,STRAIGHT,0,0,3,0,0,0,0,90,,
lap2_problem_section_v1,105.000000,112.500000,3147,14,1780899115.953891039,105.478343487,99.827017,65.644814,16,236,793,7,3,4,-0.800000000,0.700854701,67,580,513,323,3,BOTH,BOTH,STRAIGHT,0,1,0,0,0,0,0,90,,
lap2_problem_section_v1,105.000000,112.500000,3148,15,1780899115.986154795,105.510607243,98.707912,65.640939,16,236,915,10,3,4,-0.800000000,0.700854701,67,580,513,323,3,BOTH,BOTH,STRAIGHT,0,0,0,0,0,0,0,90,,
lap2_problem_section_v1,105.000000,112.500000,3149,16,1780899116.017976999,105.542429447,97.460568,65.507324,16,236,942,11,3,4,-0.789473684,0.671875000,66,582,516,324,4,BOTH,BOTH,STRAIGHT,0,1,3,0,0,0,0,90,,
lap2_problem_section_v1,105.000000,112.500000,3150,17,1780899116.052480698,105.576933146,96.034517,65.175543,16,236,1023,10,2,4,-0.782258065,0.717391304,65,578,513,321,1,BOTH,BOTH,STRAIGHT,0,3,3,0,0,0,0,90,,
lap2_problem_section_v1,105.000000,112.500000,3151,18,1780899116.085083008,105.609535456,94.428764,64.574778,16,236,1041,13,3,5,-0.781818182,0.709677419,63,579,516,321,1,BOTH,BOTH,STRAIGHT,0,0,3,0,0,0,0,90,,
lap2_problem_section_v1,105.000000,112.500000,3152,19,1780899116.121573925,105.646026373,92.481165,63.824269,16,236,1069,11,2,5,-0.781818182,0.701298701,62,581,519,321,1,BOTH,BOTH,STRAIGHT,0,0,3,0,0,0,0,90,,
lap2_problem_section_v1,105.000000,112.500000,3153,20,1780899116.152004957,105.676457405,90.491420,63.071476,16,236,1050,11,2,5,-0.806722689,0.714285714,63,580,517,321,1,BOTH,BOTH,STRAIGHT,0,0,2,0,0,0,0,90,,
lap2_problem_section_v1,105.000000,112.500000,3154,21,1780899116.183911800,105.708364248,88.583196,62.435776,16,235,1137,13,4,6,-0.761904762,0.653061224,62,585,523,323,3,BOTH,BOTH,STRAIGHT,0,2,6,0,0,0,0,90,,
lap2_problem_section_v1,105.000000,112.500000,3155,22,1780899116.223921537,105.748373985,86.517543,61.536038,16,236,1145,12,3,5,-0.755555556,0.651162791,62,583,521,322,2,BOTH,BOTH,STRAIGHT,0,1,2,0,0,0,0,90,,
lap2_problem_section_v1,105.000000,112.500000,3156,23,1780899116.252811193,105.777263641,84.380739,60.520379,16,236,1191,13,4,5,-0.689655172,0.645569620,42,583,541,312,-8,BOTH,BOTH,STRAIGHT,0,10,20,0,0,0,0,90,,
lap2_problem_section_v1,105.000000,112.500000,3157,24,1780899116.283829927,105.808282375,82.222557,59.442467,16,235,1188,16,5,7,-0.685714286,0.600000000,41,606,565,323,3,BOTH,BOTH,STRAIGHT,0,11,24,0,0,0,0,90,,
lap2_problem_section_v1,105.000000,112.500000,3158,25,1780899116.319523573,105.843976021,79.980895,58.314638,16,235,1187,13,4,5,-0.684210526,0.685714286,41,582,541,311,-9,BOTH,BOTH,STRAIGHT,0,12,24,0,0,0,0,90,,
lap2_problem_section_v1,105.000000,112.500000,3159,26,1780899116.352965832,105.877418280,78.143622,57.282205,16,235,1220,14,5,5,-0.743589744,0.642857143,45,603,558,324,4,BOTH,BOTH,STRAIGHT,0,13,17,0,0,0,0,90,,
lap2_problem_section_v1,105.000000,112.500000,3160,27,1780899116.387451649,105.911904097,76.133821,56.199483,16,235,1231,15,6,4,-0.800000000,0.671052632,61,581,520,321,1,BOTH,BOTH,STRAIGHT,0,3,38,0,0,0,0,90,,
lap2_problem_section_v1,105.000000,112.500000,3161,28,1780899116.419361115,105.943813562,74.222045,55.163790,16,236,1256,18,7,7,-0.720000000,0.600000000,44,604,560,324,4,BOTH,BOTH,STRAIGHT,0,3,40,0,0,0,0,90,,
lap2_problem_section_v1,105.000000,112.500000,3162,29,1780899116.452617645,105.977070093,72.293011,53.940918,16,235,1214,12,5,4,-1.086956522,0.672897196,250,579,329,414,94,BOTH,BOTH,STRAIGHT,0,90,231,0,0,0,0,90,,center_jump;lane_width_jump
lap2_problem_section_v1,105.000000,112.500000,3163,30,1780899116.490041256,106.014493704,70.122074,52.705341,16,235,1165,15,6,5,-0.766666667,0.673076923,59,578,519,318,-2,BOTH,BOTH,STRAIGHT,0,96,190,0,0,0,0,90,,center_jump;lane_width_jump
lap2_problem_section_v1,105.000000,112.500000,3164,31,1780899116.522756815,106.047209263,67.974886,51.272481,16,235,1183,12,5,5,-0.725806452,0.657894737,43,578,535,310,-10,BOTH,BOTH,STRAIGHT,0,8,16,0,0,0,0,90,,
lap2_problem_section_v1,105.000000,112.500000,3165,32,1780899116.552119255,106.076571703,64.839048,50.010546,16,235,1155,16,6,7,-0.791666667,0.622222222,58,582,524,320,0,BOTH,BOTH,STRAIGHT,0,10,11,0,0,0,0,90,,
lap2_problem_section_v1,105.000000,112.500000,3166,33,1780899116.588615894,106.113068342,62.543196,48.332556,16,236,1107,14,6,6,-0.750000000,0.657142857,55,578,523,316,-4,BOTH,BOTH,STRAIGHT,0,4,1,0,0,0,0,90,,
lap2_problem_section_v1,105.000000,112.500000,3167,34,1780899116.620085955,106.144538403,60.081875,46.627852,16,235,1089,14,6,6,-0.719512195,0.625000000,39,581,542,310,-10,BOTH,BOTH,STRAIGHT,0,6,19,0,0,0,0,90,,
lap2_problem_section_v1,105.000000,112.500000,3168,35,1780899116.658535719,106.182988167,57.460540,44.997050,16,235,1117,16,7,7,-0.789473684,0.656250000,57,577,520,317,-3,BOTH,BOTH,STRAIGHT,0,7,22,0,0,0,0,90,,
lap2_problem_section_v1,105.000000,112.500000,3169,36,1780899116.689561844,106.214014292,54.935824,43.206863,16,235,1121,15,7,6,-0.782051282,0.626373626,57,579,522,318,-2,BOTH,BOTH,STRAIGHT,0,1,2,0,0,0,0,90,,
lap2_problem_section_v1,105.000000,112.500000,3170,37,1780899116.721667767,106.246120214,52.317670,41.323945,16,235,1092,13,7,5,-0.771428571,0.650000000,56,577,521,316,-4,BOTH,BOTH,STRAIGHT,0,2,1,0,0,0,0,90,,
lap2_problem_section_v1,105.000000,112.500000,3171,38,1780899116.758110285,106.282562733,50.008125,39.518636,16,235,1086,13,7,5,-0.765957447,0.622641509,55,577,522,316,-4,BOTH,BOTH,STRAIGHT,0,0,1,0,0,0,0,90,,
lap2_problem_section_v1,105.000000,112.500000,3172,39,1780899116.788255692,106.312708139,48.152685,37.623280,16,235,1020,13,5,6,-0.711864407,0.555555556,37,585,548,311,-9,BOTH,BOTH,STRAIGHT,0,5,26,0,0,0,0,90,,
lap2_problem_section_v1,105.000000,112.500000,3173,40,1780899116.825162172,106.349614620,46.506349,35.799844,16,235,1001,14,6,7,-0.760000000,0.586206897,52,598,546,325,5,BOTH,BOTH,STRAIGHT,0,14,2,0,0,0,0,90,,
lap2_problem_section_v1,105.000000,112.500000,3174,41,1780899116.856188774,106.380641222,45.038082,34.013136,16,235,1005,12,7,5,-0.764705882,0.629629630,52,576,524,314,-6,BOTH,BOTH,STRAIGHT,0,11,22,0,0,0,0,90,,
lap2_problem_section_v1,105.000000,112.500000,3175,42,1780899116.888282537,106.412734985,43.873920,32.384493,16,235,952,14,7,6,-0.753623188,0.564102564,50,584,534,317,-3,BOTH,BOTH,STRAIGHT,0,3,10,0,0,0,0,90,,
lap2_problem_section_v1,105.000000,112.500000,3176,43,1780899116.924912691,106.449365139,42.890866,30.822811,16,235,908,12,5,6,-0.772727273,0.558441558,53,602,549,327,7,BOTH,BOTH,STRAIGHT,0,10,15,0,0,0,0,90,,
lap2_problem_section_v1,105.000000,112.500000,3177,44,1780899116.957606316,106.482058764,41.773324,29.454446,16,235,901,12,5,7,-0.787878788,0.611111111,52,577,525,314,-6,BOTH,BOTH,STRAIGHT,0,13,24,0,0,0,0,90,,
lap2_problem_section_v1,105.000000,112.500000,3178,45,1780899116.987499952,106.511952400,40.863991,28.386178,16,233,879,12,4,7,-0.767857143,0.569230769,51,599,548,325,5,BOTH,BOTH,STRAIGHT,0,11,23,0,0,0,0,90,,
lap2_problem_section_v1,105.000000,112.500000,3179,46,1780899117.024239302,106.548691750,39.654517,27.448206,16,206,882,13,4,8,-0.755102041,0.633333333,50,573,523,311,-9,BOTH,BOTH,STRAIGHT,0,14,25,0,0,0,0,90,,
lap2_problem_section_v1,105.000000,112.500000,3180,47,1780899117.055464029,106.579916477,38.682060,26.436449,16,202,862,12,5,6,-0.772727273,0.571428571,50,599,549,324,4,BOTH,BOTH,STRAIGHT,0,13,26,0,0,0,0,90,,
lap2_problem_section_v1,105.000000,112.500000,3181,48,1780899117.092112303,106.616564751,37.665412,25.533147,16,196,809,8,3,5,-0.758620690,0.600000000,49,575,526,312,-8,BOTH,BOTH,STRAIGHT,0,12,23,0,0,0,0,90,,
lap2_problem_section_v1,105.000000,112.500000,3182,49,1780899117.125254631,106.649707079,36.795455,24.618046,16,201,813,10,5,5,-0.766666667,0.603773585,50,573,523,311,-9,BOTH,BOTH,STRAIGHT,0,1,3,0,0,0,0,90,,
lap2_problem_section_v1,105.000000,112.500000,3183,50,1780899117.156235456,106.680687904,35.847798,23.726857,16,199,820,10,4,6,-0.738461538,0.567567568,46,592,546,319,-1,BOTH,BOTH,STRAIGHT,0,8,23,0,0,0,0,90,,
lap2_problem_section_v1,105.000000,112.500000,3184,51,1780899117.191874266,106.716326714,35.017358,22.780666,16,191,807,10,4,6,-0.775000000,0.550000000,49,593,544,321,1,BOTH,BOTH,STRAIGHT,0,2,2,0,0,0,0,90,,
lap2_problem_section_v1,105.000000,112.500000,3185,52,1780899117.223500729,106.747953176,34.122386,21.759029,16,185,804,8,3,5,-0.777777778,0.612903226,47,566,519,306,-14,BOTH,BOTH,STRAIGHT,0,15,25,0,0,0,0,90,,
lap2_problem_section_v1,105.000000,112.500000,3186,53,1780899117.255518198,106.779970646,33.299375,20.797359,16,195,802,8,3,5,-0.755319149,0.571428571,45,570,525,307,-13,BOTH,BOTH,STRAIGHT,0,1,6,0,0,0,0,90,,
lap2_problem_section_v1,105.000000,112.500000,3187,54,1780899117.293936253,106.818388700,32.370000,19.628109,16,185,797,10,4,6,-0.756097561,0.589743590,43,567,524,305,-15,BOTH,BOTH,STRAIGHT,0,2,1,0,0,0,0,90,,
lap2_problem_section_v1,105.000000,112.500000,3188,55,1780899117.326393843,106.850846291,31.399205,18.341890,16,191,790,9,4,5,-0.775510204,0.623076923,44,564,520,304,-16,BOTH,BOTH,STRAIGHT,0,1,4,0,0,0,0,90,,
lap2_problem_section_v1,105.000000,112.500000,3189,56,1780899117.361971378,106.886423826,30.844134,17.000971,16,175,740,9,3,6,-0.769230769,0.604166667,43,565,522,304,-16,BOTH,BOTH,STRAIGHT,0,0,2,0,0,0,0,90,,
lap2_problem_section_v1,105.000000,112.500000,3190,57,1780899117.395616055,106.920068502,30.238111,15.848754,16,176,736,7,1,6,-0.783018868,0.611111111,44,562,518,303,-17,BOTH,BOTH,STRAIGHT,0,1,4,0,0,0,0,90,,
lap2_problem_section_v1,105.000000,112.500000,3191,58,1780899117.422928572,106.947381020,29.712926,14.710452,16,183,674,8,2,6,-0.779661017,0.550000000,44,587,543,315,-5,BOTH,BOTH,STRAIGHT,0,12,25,0,0,0,0,90,,
lap2_problem_section_v1,105.000000,112.500000,3192,59,1780899117.459341526,106.983793974,29.418892,13.622652,16,174,666,9,2,7,-0.765432099,0.562500000,41,565,524,303,-17,BOTH,BOTH,STRAIGHT,0,12,19,0,0,0,0,90,,
lap2_problem_section_v1,105.000000,112.500000,3193,60,1780899117.491887808,107.016340256,28.832372,12.628156,16,170,660,8,2,6,-0.775862069,0.620689655,41,559,518,300,-20,BOTH,BOTH,STRAIGHT,0,3,6,0,0,0,0,90,,
lap2_problem_section_v1,105.000000,112.500000,3194,61,1780899117.523783684,107.048236132,28.511293,11.667748,16,165,659,8,3,5,-0.783333333,0.600000000,40,557,517,298,-22,BOTH,BOTH,STRAIGHT,0,2,1,0,0,0,0,90,,
lap2_problem_section_v1,105.000000,112.500000,3195,62,1780899117.558941841,107.083394289,28.229773,10.746870,16,153,645,5,1,4,-0.785714286,0.602739726,37,556,519,296,-24,BOTH,BOTH,STRAIGHT,0,2,2,0,0,0,0,90,,
lap2_problem_section_v1,105.000000,112.500000,3196,63,1780899117.592744350,107.117196798,27.997528,9.969581,16,140,629,6,1,5,-0.784810127,0.558823529,36,562,526,299,-21,BOTH,BOTH,STRAIGHT,0,3,7,0,0,0,0,90,,
lap2_problem_section_v1,105.000000,112.500000,3197,64,1780899117.628523588,107.152976036,27.632685,9.260130,16,112,603,8,2,6,-0.810810811,0.580645161,36,578,542,307,-13,BOTH,BOTH,STRAIGHT,0,8,16,0,0,0,0,90,,
lap2_problem_section_v1,105.000000,112.500000,3198,65,1780899117.662224531,107.186676979,27.682486,8.824472,16,111,593,8,2,6,-0.781818182,0.604166667,36,554,518,295,-25,BOTH,BOTH,STRAIGHT,0,12,24,0,0,0,0,90,,
lap2_problem_section_v1,105.000000,112.500000,3199,66,1780899117.693482876,107.217935324,27.296023,8.518924,16,79,575,7,1,6,-0.807017544,0.600000000,34,555,521,294,-26,BOTH,BOTH,STRAIGHT,0,1,3,0,0,0,0,90,,
lap2_problem_section_v1,105.000000,112.500000,3200,67,1780899117.730679989,107.255132437,27.301023,8.365613,16,73,349,5,0,5,,0.585365854,,553,,290,-30,RIGHT,RIGHT,STRAIGHT,0,4,,0,0,0,0,90,,
lap2_problem_section_v1,105.000000,112.500000,3201,68,1780899117.761324644,107.285777092,26.909148,8.221002,16,74,280,3,0,3,,0.611111111,,550,,287,-33,RIGHT,RIGHT,STRAIGHT,0,3,,0,0,0,0,90,,
lap2_problem_section_v1,105.000000,112.500000,3202,69,1780899117.792197943,107.316650391,27.047756,8.055716,16,75,275,3,0,3,,0.626086957,,549,,286,-34,RIGHT,RIGHT,STRAIGHT,0,1,,0,0,0,0,90,,
lap2_problem_section_v1,105.000000,112.500000,3203,70,1780899117.828613520,107.353065968,26.817074,8.029337,16,75,280,4,0,4,,0.604651163,,548,,285,-35,RIGHT,RIGHT,STRAIGHT,0,1,,0,0,0,0,90,,
lap2_problem_section_v1,105.000000,112.500000,3204,71,1780899117.860447168,107.384899616,26.639119,8.004278,16,77,278,3,0,3,,0.625000000,,549,,286,-34,RIGHT,RIGHT,STRAIGHT,0,1,,0,0,0,0,90,,
lap2_problem_section_v1,105.000000,112.500000,3205,72,1780899117.896301985,107.420754433,26.584432,7.884722,16,76,275,4,0,4,,0.576271186,,552,,289,-31,RIGHT,RIGHT,STRAIGHT,0,3,,0,0,0,0,90,,
lap2_problem_section_v1,105.000000,112.500000,3206,73,1780899117.929931164,107.454383612,26.500426,7.816289,16,77,283,3,0,3,,0.606060606,,549,,286,-34,RIGHT,RIGHT,STRAIGHT,0,3,,0,0,0,0,90,,
lap2_problem_section_v1,105.000000,112.500000,3207,74,1780899117.959368229,107.483820677,26.567017,7.835862,16,79,280,4,0,4,,0.625000000,,549,,286,-34,RIGHT,RIGHT,STRAIGHT,0,0,,0,0,0,0,90,,
lap2_problem_section_v1,105.000000,112.500000,3208,75,1780899117.995633602,107.520086050,26.591207,7.842687,16,78,285,2,0,2,,0.624113475,,547,,284,-36,RIGHT,RIGHT,STRAIGHT,0,2,,0,0,0,0,90,,
lap2_problem_section_v1,105.000000,112.500000,3209,76,1780899118.027787924,107.552240372,26.422045,7.872184,16,77,277,4,0,4,,0.636363636,,548,,285,-35,RIGHT,RIGHT,STRAIGHT,0,1,,0,0,0,0,90,,
lap2_problem_section_v1,105.000000,112.500000,3210,77,1780899118.064981699,107.589434147,26.509844,7.914866,16,77,0,0,0,0,,,,,,285,-35,NONE,NONE,STRAIGHT,1,0,,0,0,0,0,90,below_fail_threshold,mode_NONE;hough_0
lap2_problem_section_v1,105.000000,112.500000,3211,78,1780899118.095094919,107.619547367,26.500028,8.016071,16,79,11,0,0,0,,,,,,285,-35,NONE,NONE,STRAIGHT,2,0,,0,0,0,0,90,below_fail_threshold,mode_NONE;hough_0
lap2_problem_section_v1,105.000000,112.500000,3212,79,1780899118.127860069,107.652312517,26.599744,8.158558,16,80,753,14,4,10,-0.900000000,0.583333333,34,553,519,293,-27,BOTH,NONE,STRAIGHT,0,8,2,1,1,1,1,90,success,v1_recovery_used;v1_recovery_success
lap2_problem_section_v1,105.000000,112.500000,3213,80,1780899118.165196896,107.689649343,26.480000,8.157473,16,82,0,0,0,0,,,,,,293,-27,NONE,NONE,STRAIGHT,1,0,,0,0,0,0,90,below_fail_threshold,mode_NONE;hough_0
lap2_problem_section_v1,105.000000,112.500000,3214,81,1780899118.195801497,107.720253944,26.539872,8.227973,16,84,0,0,0,0,,,,,,293,-27,NONE,NONE,STRAIGHT,2,0,,0,0,0,0,90,below_fail_threshold,mode_NONE;hough_0
lap2_problem_section_v1,105.000000,112.500000,3215,82,1780899118.227777004,107.752229452,26.509858,8.203572,16,83,644,13,2,11,-0.902439024,0.649484536,33,551,518,292,-28,BOTH,NONE,STRAIGHT,0,1,1,1,1,1,1,90,success,v1_recovery_used;v1_recovery_success
lap2_problem_section_v1,105.000000,112.500000,3216,83,1780899118.262741327,107.787193775,26.571037,8.155421,16,80,0,0,0,0,,,,,,292,-28,NONE,NONE,STRAIGHT,1,0,,0,0,0,0,90,below_fail_threshold,mode_NONE;hough_0
lap2_problem_section_v1,105.000000,112.500000,3217,84,1780899118.294864416,107.819316864,26.475625,8.221005,16,82,0,0,0,0,,,,,,292,-28,NONE,NONE,STRAIGHT,2,0,,0,0,0,0,90,below_fail_threshold,mode_NONE;hough_0
lap2_problem_section_v1,105.000000,112.500000,3218,85,1780899118.331521511,107.855973959,26.473011,8.245969,16,81,650,12,3,9,-0.900000000,0.623076923,33,553,520,293,-27,BOTH,NONE,STRAIGHT,0,1,2,1,1,1,1,90,success,v1_recovery_used;v1_recovery_success
lap2_problem_section_v1,105.000000,112.500000,3219,86,1780899118.362819672,107.887272120,26.595739,8.467031,16,82,0,0,0,0,,,,,,293,-27,NONE,NONE,STRAIGHT,1,0,,0,0,0,0,90,below_fail_threshold,mode_NONE;hough_0
lap2_problem_section_v1,105.000000,112.500000,3220,87,1780899118.395777941,107.920230389,26.682415,8.511342,17,83,0,0,0,0,,,,,,293,-27,NONE,NONE,STRAIGHT,2,0,,0,0,0,0,90,below_fail_threshold,mode_NONE;hough_0
lap2_problem_section_v1,105.000000,112.500000,3221,88,1780899118.431970596,107.956423044,26.874503,8.551316,18,84,608,11,3,8,-0.941176471,0.601562500,33,556,523,294,-26,BOTH,NONE,STRAIGHT,0,1,3,1,1,1,1,90,success,v1_recovery_used;v1_recovery_success
lap2_problem_section_v1,105.000000,112.500000,3222,89,1780899118.462742090,107.987194538,27.035568,8.614271,17,84,0,0,0,0,,,,,,294,-26,NONE,NONE,STRAIGHT,1,0,,0,0,0,0,90,below_fail_threshold,mode_NONE;hough_0
lap2_problem_section_v1,105.000000,112.500000,3223,90,1780899118.495527506,108.019979954,26.745938,8.655401,17,84,0,0,0,0,,,,,,294,-26,NONE,NONE,STRAIGHT,2,0,,0,0,0,0,90,below_fail_threshold,mode_NONE;hough_0
lap2_problem_section_v1,105.000000,112.500000,3224,91,1780899118.531471491,108.055923939,26.787685,8.755527,17,84,596,10,2,8,-1.111111111,0.623076923,26,557,531,291,-29,BOTH,NONE,STRAIGHT,0,3,8,1,1,1,1,90,success,v1_recovery_used;v1_recovery_success
lap2_problem_section_v1,105.000000,112.500000,3225,92,1780899118.562907457,108.087359905,27.025881,8.864490,16,86,0,0,0,0,,,,,,291,-29,NONE,NONE,STRAIGHT,1,0,,0,0,0,0,90,below_fail_threshold,mode_NONE;hough_0
lap2_problem_section_v1,105.000000,112.500000,3226,93,1780899118.601916790,108.126369238,27.038210,8.934879,16,85,5,0,0,0,,,,,,291,-29,NONE,NONE,STRAIGHT,2,0,,0,0,0,0,90,below_fail_threshold,mode_NONE;hough_0
lap2_problem_section_v1,105.000000,112.500000,3227,94,1780899118.632880449,108.157332897,26.819957,9.026924,16,84,592,10,2,8,-1.000000000,0.619047619,22,557,535,289,-31,BOTH,NONE,STRAIGHT,0,2,4,1,1,1,1,90,success,v1_recovery_used;v1_recovery_success
lap2_problem_section_v1,105.000000,112.500000,3228,95,1780899118.664240122,108.188692570,26.871037,9.136534,17,85,0,0,0,0,,,,,,289,-31,NONE,NONE,STRAIGHT,1,0,,0,0,0,0,90,below_fail_threshold,mode_NONE;hough_0
lap2_problem_section_v1,105.000000,112.500000,3229,96,1780899118.700647116,108.225099564,27.203239,9.280256,16,86,0,0,0,0,,,,,,289,-31,NONE,NONE,STRAIGHT,2,0,,0,0,0,0,90,below_fail_threshold,mode_NONE;hough_0
lap2_problem_section_v1,105.000000,112.500000,3230,97,1780899118.732601643,108.257054090,27.275355,9.448316,17,85,553,9,1,8,-1.176470588,0.615384615,25,559,534,222,-98,BOTH,NONE,LEFT,0,67,1,1,1,1,1,90,success,v1_recovery_used;v1_recovery_success
lap2_problem_section_v1,105.000000,112.500000,3231,98,1780899118.763970852,108.288423300,27.359418,9.558683,16,86,0,0,0,0,,,,,,222,-98,NONE,NONE,STRAIGHT,1,0,,0,0,0,0,90,below_fail_threshold,mode_NONE;hough_0
lap2_problem_section_v1,105.000000,112.500000,3232,99,1780899118.801489115,108.325941563,27.480327,9.584855,17,86,0,0,0,0,,,,,,222,-98,NONE,NONE,STRAIGHT,2,0,,0,0,0,0,90,below_fail_threshold,mode_NONE;hough_0
lap2_problem_section_v1,105.000000,112.500000,3233,100,1780899118.833215714,108.357668161,27.552457,9.712159,17,88,547,10,1,9,-1.217391304,0.608695652,24,563,539,223,-97,BOTH,NONE,LEFT,0,1,5,1,1,1,1,90,success,v1_recovery_used;v1_recovery_success
lap2_problem_section_v1,105.000000,112.500000,3234,101,1780899118.869791508,108.394243956,27.934602,9.994785,17,88,0,0,0,0,,,,,,223,-97,NONE,NONE,STRAIGHT,1,0,,0,0,0,0,90,below_fail_threshold,mode_NONE;hough_0
lap2_problem_section_v1,105.000000,112.500000,3235,102,1780899118.901304007,108.425756454,28.015469,10.399482,16,90,0,0,0,0,,,,,,223,-97,NONE,NONE,STRAIGHT,2,0,,0,0,0,0,90,below_fail_threshold,mode_NONE;hough_0
lap2_problem_section_v1,105.000000,112.500000,3236,103,1780899118.931888819,108.456341267,28.321165,10.497668,18,92,552,9,2,7,-1.233333333,0.618556701,25,566,541,225,-95,BOTH,NONE,LEFT,0,2,2,1,1,1,1,90,success,v1_recovery_used;v1_recovery_success
lap2_problem_section_v1,105.000000,112.500000,3237,104,1780899118.968499422,108.492951870,28.370682,10.496918,16,92,0,0,0,0,,,,,,225,-95,NONE,NONE,STRAIGHT,1,0,,0,0,0,0,90,below_fail_threshold,mode_NONE;hough_0
lap2_problem_section_v1,105.000000,112.500000,3238,105,1780899118.999143362,108.523595810,28.501420,10.555620,17,91,0,0,0,0,,,,,,225,-95,NONE,NONE,STRAIGHT,2,0,,0,0,0,0,90,below_fail_threshold,mode_NONE;hough_0
lap2_problem_section_v1,105.000000,112.500000,3239,106,1780899119.036871910,108.561324358,28.378835,10.765705,17,92,518,11,1,10,-1.333333333,0.571428571,27,569,542,228,-92,BOTH,NONE,LEFT,0,3,1,1,1,1,1,90,success,v1_recovery_used;v1_recovery_success
lap2_problem_section_v1,105.000000,112.500000,3240,107,1780899119.068634987,108.593087435,28.505938,10.898389,16,91,0,0,0,0,,,,,,228,-92,NONE,NONE,STRAIGHT,1,0,,0,0,0,0,90,below_fail_threshold,mode_NONE;hough_0
lap2_problem_section_v1,105.000000,112.500000,3241,108,1780899119.098753214,108.623205662,28.306051,10.833084,18,94,0,0,0,0,,,,,,228,-92,NONE,NONE,STRAIGHT,2,0,,0,0,0,0,90,below_fail_threshold,mode_NONE;hough_0
lap2_problem_section_v1,105.000000,112.500000,3242,109,1780899119.138428211,108.662880659,28.715199,11.049804,17,94,526,10,2,8,-1.280000000,0.541666667,23,573,550,228,-92,BOTH,NONE,LEFT,0,0,8,1,1,1,1,90,success,v1_recovery_used;v1_recovery_success
lap2_problem_section_v1,105.000000,112.500000,3243,110,1780899119.170402527,108.694854975,28.667599,11.135566,16,95,0,0,0,0,,,,,,228,-92,NONE,NONE,STRAIGHT,1,0,,0,0,0,0,90,below_fail_threshold,mode_NONE;hough_0
lap2_problem_section_v1,105.000000,112.500000,3244,111,1780899119.200842142,108.725294590,28.810682,11.277422,17,95,0,0,0,0,,,,,,228,-92,NONE,NONE,STRAIGHT,2,0,,0,0,0,0,90,below_fail_threshold,mode_NONE;hough_0
lap2_problem_section_v1,105.000000,112.500000,3245,112,1780899119.237714767,108.762167215,29.008750,11.469827,16,97,545,8,1,7,-1.347826087,0.577319588,24,576,552,230,-90,BOTH,NONE,LEFT,0,2,2,1,1,1,1,90,success,v1_recovery_used;v1_recovery_success
lap2_problem_section_v1,105.000000,112.500000,3246,113,1780899119.271024704,108.795477152,29.081719,11.404624,17,95,0,0,0,0,,,,,,230,-90,NONE,NONE,STRAIGHT,1,0,,0,0,0,0,90,below_fail_threshold,mode_NONE;hough_0
lap2_problem_section_v1,105.000000,112.500000,3247,114,1780899119.304440737,108.828893185,29.318281,11.483084,17,96,0,0,0,0,,,,,,230,-90,NONE,NONE,STRAIGHT,2,0,,0,0,0,0,90,below_fail_threshold,mode_NONE;hough_0
lap2_problem_section_v1,105.000000,112.500000,3248,115,1780899119.337234735,108.861687183,29.492685,11.655154,17,96,531,8,1,7,-1.315789474,0.554054054,21,577,556,229,-91,BOTH,NONE,LEFT,0,1,4,1,1,1,1,90,success,v1_recovery_used;v1_recovery_success
lap2_problem_section_v1,105.000000,112.500000,3249,116,1780899119.367237806,108.891690254,29.422656,11.831087,16,101,0,0,0,0,,,,,,229,-91,NONE,NONE,STRAIGHT,1,0,,0,0,0,0,90,below_fail_threshold,mode_NONE;hough_0
lap2_problem_section_v1,105.000000,112.500000,3250,117,1780899119.405404568,108.929857016,29.658480,12.045051,17,98,0,0,0,0,,,,,,229,-91,NONE,NONE,STRAIGHT,2,0,,0,0,0,0,90,below_fail_threshold,mode_NONE;hough_0
lap2_problem_section_v1,105.000000,112.500000,3251,118,1780899119.436339140,108.960791588,30.045881,12.294753,18,101,530,10,1,9,-1.565217391,0.550561798,22,577,555,229,-91,BOTH,NONE,LEFT,0,0,1,1,1,1,1,90,success,v1_recovery_used;v1_recovery_success
lap2_problem_section_v1,105.000000,112.500000,3252,119,1780899119.468293905,108.992746353,30.226619,12.450173,17,102,0,0,0,0,,,,,,229,-91,NONE,NONE,STRAIGHT,1,0,,0,0,0,0,90,below_fail_threshold,mode_NONE;hough_0
lap2_problem_section_v1,105.000000,112.500000,3253,120,1780899119.504354715,109.028807163,30.470597,12.599864,16,100,0,0,0,0,,,,,,229,-91,NONE,NONE,STRAIGHT,2,0,,0,0,0,0,90,below_fail_threshold,mode_NONE;hough_0
lap2_problem_section_v1,105.000000,112.500000,3254,121,1780899119.536018610,109.060471058,30.462599,12.651836,17,104,549,8,1,7,-1.454545455,0.468085106,18,578,560,228,-92,BOTH,NONE,LEFT,0,1,5,1,1,1,1,90,success,v1_recovery_used;v1_recovery_success
lap2_problem_section_v1,105.000000,112.500000,3255,122,1780899119.573276281,109.097728729,30.483239,12.636994,16,106,8,0,0,0,,,,,,228,-92,NONE,NONE,STRAIGHT,1,0,,0,0,0,0,90,below_fail_threshold,mode_NONE;hough_0
lap2_problem_section_v1,105.000000,112.500000,3256,123,1780899119.604254723,109.128707170,30.570000,12.743343,16,110,0,0,0,0,,,,,,228,-92,NONE,NONE,STRAIGHT,2,0,,0,0,0,0,90,below_fail_threshold,mode_NONE;hough_0
lap2_problem_section_v1,105.000000,112.500000,3257,124,1780899119.636390448,109.160842896,30.857273,12.960098,16,117,460,8,0,8,,0.471428571,,578,,301,-19,RIGHT,NONE,STRAIGHT,0,73,,1,1,0,1,90,success,v1_recovery_used;v1_recovery_success
lap2_problem_section_v1,105.000000,112.500000,3258,125,1780899119.672055721,109.196508169,31.311563,13.519134,17,119,36,1,1,0,-0.147058824,,-339,,,0,-320,LEFT,LEFT,STRAIGHT,0,301,,0,0,0,0,90,,center_jump
lap2_problem_section_v1,105.000000,112.500000,3259,126,1780899119.704487562,109.228940010,31.575412,13.818608,16,121,47,1,1,0,-0.130434783,,-375,,,0,-320,LEFT,LEFT,STRAIGHT,0,0,,0,0,0,0,90,,
lap2_problem_section_v1,105.000000,112.500000,3260,127,1780899119.736455441,109.260907888,31.835327,14.208237,18,126,56,1,1,0,-0.148148148,,-317,,,0,-320,LEFT,LEFT,STRAIGHT,0,0,,0,0,0,0,90,,
lap2_problem_section_v1,105.000000,112.500000,3261,128,1780899119.772678852,109.297131300,32.090398,14.256877,16,130,56,1,1,0,-0.156862745,,-297,,,0,-320,LEFT,LEFT,STRAIGHT,0,0,,0,0,0,0,90,,
lap2_problem_section_v1,105.000000,112.500000,3262,129,1780899119.803780317,109.328232765,32.261009,14.556182,16,131,4,0,0,0,,,,,,0,-320,NONE,NONE,STRAIGHT,1,0,,0,0,0,0,90,below_fail_threshold,mode_NONE;hough_0
lap2_problem_section_v1,105.000000,112.500000,3263,130,1780899119.839618683,109.364071131,32.479801,14.695199,17,132,55,1,1,0,-0.140000000,,-321,,,0,-320,LEFT,LEFT,STRAIGHT,0,0,,0,0,0,0,90,,
lap2_problem_section_v1,105.000000,112.500000,3264,131,1780899119.871775150,109.396227598,32.721960,14.810867,17,137,6,0,0,0,,,,,,0,-320,NONE,NONE,STRAIGHT,1,0,,0,0,0,0,90,below_fail_threshold,mode_NONE;hough_0
lap2_problem_section_v1,105.000000,112.500000,3265,132,1780899119.904922724,109.429375172,33.073778,15.291963,16,136,56,1,1,0,-0.127659574,,-329,,,0,-320,LEFT,LEFT,STRAIGHT,0,0,,0,0,0,0,90,,
lap2_problem_section_v1,105.000000,112.500000,3266,133,1780899119.938918591,109.463371038,33.370511,15.580576,16,145,74,1,1,0,-0.111111111,,-369,,,0,-320,LEFT,LEFT,STRAIGHT,0,0,,0,0,0,0,90,,
lap2_problem_section_v1,105.000000,112.500000,3267,134,1780899119.972415686,109.496868134,33.604616,15.843171,17,146,300,5,1,4,-0.116279070,0.347826087,-344,597,941,126,-194,BOTH,BOTH,STRAIGHT,0,126,381,0,0,0,0,90,,center_jump;lane_width_jump
lap2_problem_section_v1,105.000000,112.500000,3268,135,1780899120.011414051,109.535866499,33.981491,16.055489,16,145,332,4,1,3,-0.142857143,0.384615385,-266,580,846,157,-163,BOTH,BOTH,STRAIGHT,0,31,95,0,0,0,0,90,,
lap2_problem_section_v1,105.000000,112.500000,3269,136,1780899120.041455984,109.565908432,34.369119,16.200787,17,145,82,1,1,0,-0.150000000,,-246,,,115,-205,LEFT,LEFT,STRAIGHT,0,42,,0,0,0,0,90,,
lap2_problem_section_v1,105.000000,112.500000,3270,137,1780899120.073596001,109.598048449,34.383920,16.537012,16,149,340,3,0,3,,0.387096774,,576,,214,-106,RIGHT,RIGHT,STRAIGHT,0,99,,0,0,0,0,90,,center_jump
lap2_problem_section_v1,105.000000,112.500000,3271,138,1780899120.110347033,109.634799480,34.948196,16.952931,16,164,335,3,1,2,-0.111111111,0.385245902,-306,573,879,133,-187,BOTH,BOTH,STRAIGHT,0,81,33,0,0,0,0,90,,center_jump
lap2_problem_section_v1,105.000000,112.500000,3272,139,1780899120.138765335,109.663217783,35.518437,17.342080,16,169,349,3,0,3,,0.387096774,,575,,190,-130,RIGHT,RIGHT,STRAIGHT,0,57,,0,0,0,0,90,,
lap2_problem_section_v1,105.000000,112.500000,3273,140,1780899120.171411276,109.695863724,35.810341,17.729941,16,176,331,4,0,4,,0.368421053,,577,,192,-128,RIGHT,RIGHT,STRAIGHT,0,2,,0,0,0,0,90,,
lap2_problem_section_v1,105.000000,112.500000,3274,141,1780899120.206791162,109.731243610,36.211818,18.190792,16,206,350,3,0,3,,0.392857143,,569,,184,-136,RIGHT,RIGHT,STRAIGHT,0,8,,0,0,0,0,90,,
lap2_problem_section_v1,105.000000,112.500000,3275,142,1780899120.238450050,109.762902498,36.844403,18.547640,16,229,321,2,0,2,,0.383928571,,570,,185,-135,RIGHT,RIGHT,STRAIGHT,0,1,,0,0,0,0,90,,
lap2_problem_section_v1,105.000000,112.500000,3276,143,1780899120.276417017,109.800869465,37.182415,19.031747,16,219,342,2,0,2,,0.383838384,,567,,182,-138,RIGHT,RIGHT,STRAIGHT,0,3,,0,0,0,0,90,,
lap2_problem_section_v1,105.000000,112.500000,3277,144,1780899120.306808710,109.831261158,37.689134,19.243228,16,234,333,4,0,4,,0.349206349,,574,,189,-131,RIGHT,RIGHT,STRAIGHT,0,7,,0,0,0,0,90,,
lap2_problem_section_v1,105.000000,112.500000,3278,145,1780899120.338551760,109.863004208,38.105128,19.485973,16,232,340,2,0,2,,0.382978723,,562,,177,-143,RIGHT,RIGHT,STRAIGHT,0,12,,0,0,0,0,90,,
lap2_problem_section_v1,105.000000,112.500000,3279,146,1780899120.374691010,109.899143457,38.482173,19.782770,17,219,350,3,0,3,,0.346153846,,573,,188,-132,RIGHT,RIGHT,STRAIGHT,0,11,,0,0,0,0,90,,
lap2_problem_section_v1,105.000000,112.500000,3280,147,1780899120.406796455,109.931248903,39.411463,20.588728,16,234,341,4,0,4,,0.342105263,,571,,186,-134,RIGHT,RIGHT,STRAIGHT,0,2,,0,0,0,0,90,,
lap2_problem_section_v1,105.000000,112.500000,3281,148,1780899120.438595772,109.963048220,40.091534,21.351309,17,235,357,5,0,4,,0.392857143,,555,,170,-150,RIGHT,RIGHT,STRAIGHT,0,16,,0,0,0,0,90,,
lap2_problem_section_v1,105.000000,112.500000,3282,149,1780899120.474482298,109.998934746,40.647528,21.436758,17,235,355,3,0,3,,0.375000000,,556,,171,-149,RIGHT,RIGHT,STRAIGHT,0,1,,0,0,0,0,90,,
lap2_problem_section_v1,105.000000,112.500000,3283,150,1780899120.506863832,110.031316280,41.337017,21.874628,16,235,368,4,1,3,-2.846153846,0.360655738,3,558,555,210,-110,BOTH,BOTH,LEFT,0,39,324,0,0,0,0,90,,lane_width_jump
lap2_problem_section_v1,105.000000,112.500000,3284,151,1780899120.542409182,110.066861629,41.839347,22.045333,16,235,361,5,1,3,-2.571428571,0.364705882,0,557,557,208,-112,BOTH,BOTH,LEFT,0,2,2,0,0,0,0,90,,
lap2_problem_section_v1,105.000000,112.500000,3285,152,1780899120.574558496,110.099010944,42.302358,22.439427,16,235,352,5,1,4,-2.500000000,0.370370370,0,551,551,205,-115,BOTH,BOTH,LEFT,0,3,6,0,0,0,0,90,,
lap2_problem_section_v1,105.000000,112.500000,3286,153,1780899120.607797146,110.132249594,42.894631,22.743464,16,235,353,4,1,2,-2.615384615,0.425196850,-1,544,545,201,-119,BOTH,BOTH,LEFT,0,4,6,0,0,0,0,90,,
lap2_problem_section_v1,105.000000,112.500000,3287,154,1780899120.642514229,110.166966677,43.415980,22.962749,18,235,348,4,0,3,,0.410256410,,541,,239,-81,RIGHT,RIGHT,STRAIGHT,0,38,,0,0,0,0,90,,
lap2_problem_section_v1,105.000000,112.500000,3288,155,1780899120.674479008,110.198931456,44.269673,23.194143,17,235,346,3,0,2,,0.439393939,,537,,235,-85,RIGHT,RIGHT,STRAIGHT,0,4,,0,0,0,0,90,,
lap2_problem_section_v1,105.000000,112.500000,3289,156,1780899120.706709385,110.231161833,45.002543,23.384778,17,235,337,2,0,2,,0.382113821,,537,,235,-85,RIGHT,RIGHT,STRAIGHT,0,0,,0,0,0,0,90,,
lap2_problem_section_v1,105.000000,112.500000,3290,157,1780899120.744019270,110.268471718,45.791705,23.589646,16,235,330,3,0,2,,0.396825397,,531,,229,-91,RIGHT,RIGHT,STRAIGHT,0,6,,0,0,0,0,90,,
lap2_problem_section_v1,105.000000,112.500000,3291,158,1780899120.774434805,110.298887253,46.792557,23.803586,16,235,334,4,0,3,,0.404761905,,527,,225,-95,RIGHT,RIGHT,STRAIGHT,0,4,,0,0,0,0,90,,
lap2_problem_section_v1,105.000000,112.500000,3292,159,1780899120.810524702,110.334977150,47.641960,23.927093,16,235,341,4,0,3,,0.404761905,,525,,223,-97,RIGHT,RIGHT,STRAIGHT,0,2,,0,0,0,0,90,,
lap2_problem_section_v1,105.000000,112.500000,3293,160,1780899120.842514515,110.366966963,48.486193,24.129748,16,235,353,4,0,2,,0.431034483,,523,,221,-99,RIGHT,RIGHT,STRAIGHT,0,2,,0,0,0,0,90,,
lap2_problem_section_v1,105.000000,112.500000,3294,161,1780899120.874581814,110.399034262,49.712230,24.301025,16,235,368,5,0,3,,0.403314917,,516,,214,-106,RIGHT,RIGHT,STRAIGHT,0,7,,0,0,0,0,90,,
lap2_problem_section_v1,105.000000,112.500000,3295,162,1780899120.910711050,110.435163498,50.879389,24.549011,16,235,380,5,0,3,,0.405172414,,516,,214,-106,RIGHT,RIGHT,STRAIGHT,0,0,,0,0,0,0,90,,
lap2_problem_section_v1,105.000000,112.500000,3296,163,1780899120.942700624,110.467153072,52.081236,24.897439,16,235,405,4,0,2,,0.403846154,,511,,209,-111,RIGHT,RIGHT,STRAIGHT,0,5,,0,0,0,0,90,,
lap2_problem_section_v1,105.000000,112.500000,3297,164,1780899120.978419542,110.502871990,53.658509,25.355704,16,235,401,3,0,1,,0.423280423,,506,,204,-116,RIGHT,RIGHT,STRAIGHT,0,5,,0,0,0,0,90,,
lap2_problem_section_v1,105.000000,112.500000,3298,165,1780899121.010428190,110.534880638,55.159020,25.852835,16,235,406,5,0,2,,0.424581006,,503,,201,-119,RIGHT,RIGHT,STRAIGHT,0,3,,0,0,0,0,90,,
lap2_problem_section_v1,105.000000,112.500000,3299,166,1780899121.042319775,110.566772223,56.366676,26.431641,16,235,419,3,0,1,,0.423728814,,499,,197,-123,RIGHT,RIGHT,STRAIGHT,0,4,,0,0,0,0,90,,
lap2_problem_section_v1,105.000000,112.500000,3300,167,1780899121.078356981,110.602809429,57.504318,27.048867,16,235,543,6,0,4,,0.381578947,,527,,225,-95,RIGHT,RIGHT,STRAIGHT,0,28,,0,0,0,0,90,,
lap2_problem_section_v1,105.000000,112.500000,3301,168,1780899121.110630751,110.635083199,59.178196,27.671396,16,235,448,3,0,1,,0.423913043,,492,,190,-130,RIGHT,RIGHT,STRAIGHT,0,35,,0,0,0,0,90,,
lap2_problem_section_v1,105.000000,112.500000,3302,169,1780899121.143193007,110.667645454,60.646349,28.183098,16,235,538,7,0,3,,0.352112676,,529,,227,-93,RIGHT,RIGHT,STRAIGHT,0,37,,0,0,0,0,90,,
lap2_problem_section_v1,105.000000,112.500000,3303,170,1780899121.178356647,110.702809095,62.421435,28.886697,16,232,617,6,0,4,,0.355932203,,523,,221,-99,RIGHT,RIGHT,STRAIGHT,0,6,,0,0,0,0,90,,
lap2_problem_section_v1,105.000000,112.500000,3304,171,1780899121.210243940,110.734696388,64.809276,29.824709,16,235,641,6,0,3,,0.400000000,,514,,212,-108,RIGHT,RIGHT,STRAIGHT,0,9,,0,0,0,0,90,,
lap2_problem_section_v1,105.000000,112.500000,3305,172,1780899121.248392582,110.772845030,66.571591,30.472888,16,235,692,9,0,5,,0.380952381,,513,,211,-109,RIGHT,RIGHT,STRAIGHT,0,1,,0,0,0,0,90,,
lap2_problem_section_v1,105.000000,112.500000,3306,173,1780899121.278332710,110.802785158,68.888253,31.213844,16,235,746,8,0,6,,0.422222222,,473,,171,-149,RIGHT,RIGHT,STRAIGHT,0,40,,0,0,0,0,90,,
lap2_problem_section_v1,105.000000,112.500000,3307,174,1780899121.311014652,110.835467100,71.245753,31.778172,16,235,779,8,0,6,,0.457446809,,475,,173,-147,RIGHT,RIGHT,STRAIGHT,0,2,,0,0,0,0,90,,
lap2_problem_section_v1,105.000000,112.500000,3308,175,1780899121.349254608,110.873707056,73.776165,32.378867,16,235,801,7,0,5,,0.437500000,,468,,166,-154,RIGHT,RIGHT,STRAIGHT,0,7,,0,0,0,0,90,,
lap2_problem_section_v1,105.000000,112.500000,3309,176,1780899121.378895044,110.903347492,76.182955,32.936329,16,236,846,9,0,5,,0.430769231,,465,,163,-157,RIGHT,RIGHT,STRAIGHT,0,3,,0,0,0,0,90,,
lap2_problem_section_v1,105.000000,112.500000,3310,177,1780899121.410580397,110.935032845,78.799886,33.463385,16,235,838,9,0,6,,0.405405405,,495,,193,-127,RIGHT,RIGHT,STRAIGHT,0,30,,0,0,0,0,90,,
lap2_problem_section_v1,105.000000,112.500000,3311,178,1780899121.447457314,110.971909761,81.918494,34.045910,16,235,859,10,0,6,,0.401960784,,493,,191,-129,RIGHT,RIGHT,STRAIGHT,0,2,,0,0,0,0,90,,
lap2_problem_section_v1,105.000000,112.500000,3312,179,1780899121.478409052,111.002861500,84.832699,34.529385,16,235,894,10,0,7,,0.403973510,,489,,187,-133,RIGHT,RIGHT,STRAIGHT,0,4,,0,0,0,0,90,,
lap2_problem_section_v1,105.000000,112.500000,3313,180,1780899121.516321898,111.040774345,87.753310,35.213367,16,235,938,9,0,5,,0.406593407,,485,,183,-137,RIGHT,RIGHT,STRAIGHT,0,4,,0,0,0,0,90,,
lap2_problem_section_v1,105.000000,112.500000,3314,181,1780899121.547929287,111.072381735,90.402315,35.989588,16,235,989,8,0,5,,0.415841584,,483,,181,-139,RIGHT,RIGHT,STRAIGHT,0,2,,0,0,0,0,90,,
lap2_problem_section_v1,105.000000,112.500000,3315,182,1780899121.579111814,111.103564262,93.274332,36.804858,16,235,994,9,0,5,,0.450000000,,447,,145,-175,RIGHT,RIGHT,STRAIGHT,0,36,,0,0,0,0,90,,
lap2_problem_section_v1,105.000000,112.500000,3316,183,1780899121.616241932,111.140694380,95.989403,37.676942,16,236,1055,10,0,4,,0.175000000,,872,,570,250,RIGHT,RIGHT,STRAIGHT,0,425,,0,0,0,0,90,,center_jump
lap2_problem_section_v1,105.000000,112.500000,3317,184,1780899121.648218870,111.172671318,99.358239,39.017776,16,235,968,10,0,5,,0.468085106,,443,,141,-179,RIGHT,RIGHT,STRAIGHT,0,429,,0,0,0,0,90,,center_jump
lap2_problem_section_v1,105.000000,112.500000,3318,185,1780899121.680681467,111.205133915,102.443963,40.159461,16,235,948,11,0,6,,0.427480916,,473,,171,-149,RIGHT,RIGHT,STRAIGHT,0,30,,0,0,0,0,90,,
lap2_problem_section_v1,105.000000,112.500000,3319,186,1780899121.716430187,111.240882635,104.956094,41.245165,16,236,943,11,0,8,,0.475000000,,440,,138,-182,RIGHT,RIGHT,STRAIGHT,0,33,,0,0,0,0,90,,
lap2_problem_section_v1,105.000000,112.500000,3320,187,1780899121.748135567,111.272588015,107.774503,42.302479,16,236,907,9,0,4,,0.442307692,,471,,169,-151,RIGHT,RIGHT,STRAIGHT,0,31,,0,0,0,0,90,,
lap2_problem_section_v1,105.000000,112.500000,3321,188,1780899121.782451391,111.306903839,110.162997,43.410475,16,235,874,8,0,4,,0.442953020,,470,,168,-152,RIGHT,RIGHT,STRAIGHT,0,1,,0,0,0,0,90,,
lap2_problem_section_v1,105.000000,112.500000,3322,189,1780899121.815783978,111.340236425,112.607131,44.259772,16,236,867,8,0,4,,0.490566038,,435,,133,-187,RIGHT,RIGHT,STRAIGHT,0,35,,0,0,0,0,90,,
lap2_problem_section_v1,105.000000,112.500000,3323,190,1780899121.846743822,111.371196270,115.102642,45.231123,16,236,809,6,0,2,,0.445205479,,466,,164,-156,RIGHT,RIGHT,STRAIGHT,0,31,,0,0,0,0,90,,
lap2_problem_section_v1,105.000000,112.500000,3324,191,1780899121.885480404,111.409932852,117.526051,46.111208,16,236,763,5,0,3,,0.447368421,,466,,164,-156,RIGHT,RIGHT,STRAIGHT,0,0,,0,0,0,0,90,,
lap2_problem_section_v1,105.000000,112.500000,3325,192,1780899121.914848328,111.439300776,120.269048,46.955315,16,236,737,4,0,2,,0.482142857,,428,,126,-194,RIGHT,RIGHT,STRAIGHT,0,38,,0,0,0,0,90,,
lap2_problem_section_v1,105.000000,112.500000,3326,193,1780899121.950803041,111.475255489,124.187884,47.651614,16,236,666,4,0,2,,0.487179487,,425,,123,-197,RIGHT,RIGHT,STRAIGHT,0,3,,0,0,0,0,90,,
lap2_problem_section_v1,105.000000,112.500000,3327,194,1780899121.982702255,111.507154703,128.578097,48.340328,16,236,674,5,0,3,,0.492063492,,420,,118,-202,RIGHT,RIGHT,STRAIGHT,0,5,,0,0,0,0,90,,
lap2_problem_section_v1,105.000000,112.500000,3328,195,1780899122.014775991,111.539228439,132.177656,49.023841,16,236,594,5,0,3,,0.487179487,,416,,114,-206,RIGHT,RIGHT,STRAIGHT,0,4,,0,0,0,0,90,,
lap2_problem_section_v1,105.000000,112.500000,3329,196,1780899122.050799608,111.575252056,135.441264,49.627921,16,236,558,6,0,3,,0.500000000,,416,,114,-206,RIGHT,RIGHT,STRAIGHT,0,0,,0,0,0,0,90,,
lap2_problem_section_v1,105.000000,112.500000,3330,197,1780899122.084431171,111.608883619,138.188011,50.295381,16,236,495,3,0,1,,0.486842105,,453,,151,-169,RIGHT,RIGHT,STRAIGHT,0,37,,0,0,0,0,90,,
lap2_problem_section_v1,105.000000,112.500000,3331,198,1780899122.116079807,111.640532255,140.996577,51.022447,16,236,469,3,0,1,,0.508196721,,454,,152,-168,RIGHT,RIGHT,STRAIGHT,0,1,,0,0,0,0,90,,
lap2_problem_section_v1,105.000000,112.500000,3332,199,1780899122.151031494,111.675483942,143.309460,51.950531,16,236,447,3,0,1,,0.509803922,,456,,154,-166,RIGHT,RIGHT,STRAIGHT,0,2,,0,0,0,0,90,,
lap2_problem_section_v1,105.000000,112.500000,3333,200,1780899122.182764530,111.707216978,145.452940,52.968919,29,236,428,4,0,2,,0.513513514,,412,,110,-210,RIGHT,RIGHT,STRAIGHT,0,44,,0,0,0,0,90,,
lap2_problem_section_v1,105.000000,112.500000,3334,201,1780899122.218419313,111.742871761,147.790241,53.835784,38,236,411,2,0,0,,,,,,110,-210,NONE,NONE,STRAIGHT,1,0,,0,0,0,0,90,below_fail_threshold,mode_NONE
lap2_problem_section_v1,105.000000,112.500000,3335,202,1780899122.250550508,111.775002956,149.886364,54.685024,37,236,396,4,1,0,-0.179487179,,-267,,,34,-286,LEFT,LEFT,STRAIGHT,0,76,,0,0,0,0,90,,
lap2_problem_section_v1,105.000000,112.500000,3336,203,1780899122.282930136,111.807382584,151.476847,55.356713,45,236,393,4,1,0,-0.170212766,,-276,,,25,-295,LEFT,LEFT,STRAIGHT,0,9,,0,0,0,0,90,,
lap2_problem_section_v1,105.000000,112.500000,3337,204,1780899122.319237471,111.843689919,152.607997,55.884363,38,236,405,5,2,1,-0.169811321,0.537634409,-270,413,683,71,-249,BOTH,BOTH,STRAIGHT,0,46,138,0,0,0,0,90,,lane_width_jump
lap2_problem_section_v1,105.000000,112.500000,3338,205,1780899122.351224422,111.875676870,153.165142,56.137670,43,236,413,4,2,0,-0.169491525,,-264,,,49,-271,LEFT,LEFT,STRAIGHT,0,22,,0,0,0,0,90,,
lap2_problem_section_v1,105.000000,112.500000,3339,206,1780899122.382767439,111.907219887,153.812571,56.305217,43,236,429,5,2,0,-0.161764706,,-272,,,41,-279,LEFT,LEFT,STRAIGHT,0,8,,0,0,0,0,90,,
lap2_problem_section_v1,105.000000,112.500000,3340,207,1780899122.418711662,111.943164110,154.306733,56.444381,48,236,458,5,2,0,-0.171052632,,-245,,,68,-252,LEFT,LEFT,STRAIGHT,0,27,,0,0,0,0,90,,
lap2_problem_section_v1,105.000000,112.500000,3341,208,1780899122.451224327,111.975676775,154.779901,56.481076,41,236,477,6,2,1,-0.170454545,0.550000000,-234,417,651,91,-229,BOTH,BOTH,STRAIGHT,0,23,32,0,0,0,0,90,,
lap2_problem_section_v1,105.000000,112.500000,3342,209,1780899122.486414671,112.010867119,155.052486,56.399329,43,236,496,5,2,0,-0.173913043,,-224,,,93,-227,LEFT,LEFT,STRAIGHT,0,2,,0,0,0,0,90,,
lap2_problem_section_v1,105.000000,112.500000,3343,210,1780899122.518514633,112.042967081,155.232670,56.306826,49,236,516,6,3,1,-0.158415842,0.565217391,-242,421,663,89,-231,BOTH,BOTH,STRAIGHT,0,4,12,0,0,0,0,90,,
lap2_problem_section_v1,105.000000,112.500000,3344,211,1780899122.550637484,112.075089931,155.473381,56.301820,49,236,536,5,2,0,-0.156521739,,-236,,,85,-235,LEFT,LEFT,STRAIGHT,0,4,,0,0,0,0,90,,
lap2_problem_section_v1,105.000000,112.500000,3345,212,1780899122.586513281,112.110965729,156.054872,56.240241,50,236,563,5,2,1,-0.158333333,0.568965517,-220,423,643,101,-219,BOTH,BOTH,STRAIGHT,0,16,20,0,0,0,0,90,,
lap2_problem_section_v1,105.000000,112.500000,3346,213,1780899122.618602514,112.143054962,156.631435,55.970856,58,236,585,5,3,0,-0.158878505,,-207,,,114,-206,LEFT,LEFT,STRAIGHT,0,13,,0,0,0,0,90,,
lap2_problem_section_v1,105.000000,112.500000,3347,214,1780899122.652035713,112.176488161,157.122528,55.629969,49,236,609,7,3,1,-0.154471545,0.591836735,-208,427,635,109,-211,BOTH,BOTH,STRAIGHT,0,5,8,0,0,0,0,90,,
lap2_problem_section_v1,105.000000,112.500000,3348,215,1780899122.687042713,112.211495161,157.541605,55.348402,59,236,628,6,2,1,-0.144736842,0.576923077,-221,425,646,102,-218,BOTH,BOTH,STRAIGHT,0,7,11,0,0,0,0,90,,
lap2_problem_section_v1,105.000000,112.500000,3349,216,1780899122.718853235,112.243305683,157.727642,55.186035,59,236,655,8,4,1,-0.152777778,0.584615385,-189,428,617,119,-201,BOTH,BOTH,STRAIGHT,0,17,29,0,0,0,0,90,,
lap2_problem_section_v1,105.000000,112.500000,3350,217,1780899122.754508495,112.278960943,158.484830,55.173906,63,236,710,7,2,1,-0.139393939,0.596330275,-199,429,628,115,-205,BOTH,BOTH,STRAIGHT,0,4,11,0,0,0,0,90,,
lap2_problem_section_v1,105.000000,112.500000,3351,218,1780899122.788439035,112.312891483,159.212259,55.099897,54,236,822,11,5,1,-0.151724138,0.589285714,-155,430,585,137,-183,BOTH,BOTH,STRAIGHT,0,22,43,0,0,0,0,90,,
lap2_problem_section_v1,105.000000,112.500000,3352,219,1780899122.819204330,112.343656778,159.529574,54.972872,58,236,899,11,5,2,-0.150000000,0.578947368,-145,432,577,143,-177,BOTH,BOTH,STRAIGHT,0,6,8,0,0,0,0,90,,
lap2_problem_section_v1,105.000000,112.500000,3353,220,1780899122.856669426,112.381121874,159.639489,54.884821,59,236,965,12,6,0,-0.142857143,,-179,,,123,-197,LEFT,LEFT,STRAIGHT,0,20,,0,0,0,0,90,,
lap2_problem_section_v1,105.000000,112.500000,3354,221,1780899122.886679649,112.411132097,159.680568,54.757795,64,236,1011,12,7,0,-0.130434783,,-160,,,142,-178,LEFT,LEFT,STRAIGHT,0,19,,0,0,0,0,90,,
lap2_problem_section_v1,105.000000,112.500000,3355,222,1780899122.924734831,112.449187279,159.885923,54.604603,58,236,1072,13,4,1,-0.115044248,0.600000000,-203,440,643,118,-202,BOTH,BOTH,STRAIGHT,0,24,66,0,0,0,0,90,,
lap2_problem_section_v1,105.000000,112.500000,3356,223,1780899122.956925631,112.481378078,160.149347,54.509359,50,235,1161,17,5,1,-0.140845070,0.600000000,-92,443,535,175,-145,BOTH,BOTH,STRAIGHT,0,57,108,0,0,0,0,90,,lane_width_jump
