segment_name,segment_start_sec,segment_end_sec,frame_idx,processed_idx,bag_abs_time,bag_rel_time,roi_mean,roi_std,roi_min,roi_max,edge_pixel_count,hough_line_count,left_line_count,right_line_count,left_slope,right_slope,lpos,rpos,lane_width,center,center_error,mode,baseline_mode,corner,fail_count,center_jump,lane_width_jump,recovery_used,recovery_success,recovery_left_found,recovery_right_found,recovery_window_px,recovery_reason,local_first_used,local_accept,full_fallback_used,local_reason,v3_full_recheck_used,v3_mismatch,v3_tentative_count,v3_full_recheck_accept,v3_decision,suspicious_reasons
lap1_problem_section_v3_fixed,37.440000,43.640000,1117,0,1780899047.915690422,37.440142870,102.695895,65.163754,16,236,723,7,3,4,-0.716981132,0.807692308,51,560,509,305,-15,BOTH,BOTH,STRAIGHT,0,15,,0,0,0,0,90,no_last_good,0,0,1,no_last_good,0,0,0,0,no_last_good_use_full,
lap1_problem_section_v3_fixed,37.440000,43.640000,1118,1,1780899047.947730541,37.472182989,101.814162,65.534129,16,236,803,13,3,10,-0.744186047,0.783783784,51,559,508,305,-15,BOTH,BOTH,STRAIGHT,0,0,1,1,1,1,1,90,success,1,1,0,success,0,0,0,0,accept_local_stable_both,v3_local_first_used;v3_local_accept
lap1_problem_section_v3_fixed,37.440000,43.640000,1119,2,1780899047.981523991,37.505976439,100.640455,65.661100,16,235,799,12,4,8,-0.725806452,0.808080808,49,559,510,304,-16,BOTH,BOTH,STRAIGHT,0,1,2,1,1,1,1,90,success,1,1,0,success,0,0,0,0,accept_local_stable_both,v3_local_first_used;v3_local_accept
lap1_problem_section_v3_fixed,37.440000,43.640000,1120,3,1780899048.011941195,37.536393642,99.517259,65.552581,16,236,803,10,2,8,-0.723577236,0.809090909,48,558,510,303,-17,BOTH,BOTH,STRAIGHT,0,1,0,1,1,1,1,90,success,1,1,0,success,0,0,0,0,accept_local_stable_both,v3_local_first_used;v3_local_accept
lap1_problem_section_v3_fixed,37.440000,43.640000,1121,4,1780899048.043987989,37.568440437,98.343437,65.387368,16,236,875,14,7,7,-0.740740741,0.811320755,48,558,510,303,-17,BOTH,BOTH,STRAIGHT,0,0,0,1,1,1,1,90,success,1,1,0,success,0,0,0,0,accept_local_stable_both,v3_local_first_used;v3_local_accept
lap1_problem_section_v3_fixed,37.440000,43.640000,1122,5,1780899048.083077431,37.607529879,96.831690,65.002796,16,236,879,16,5,11,-0.729508197,0.814814815,46,558,512,302,-18,BOTH,BOTH,STRAIGHT,0,1,2,1,1,1,1,90,success,1,1,0,success,0,0,0,0,accept_local_stable_both,v3_local_first_used;v3_local_accept
lap1_problem_section_v3_fixed,37.440000,43.640000,1123,6,1780899048.112938643,37.637391090,95.123437,64.704204,16,235,889,15,6,9,-0.729508197,0.811111111,46,558,512,302,-18,BOTH,BOTH,STRAIGHT,0,0,0,1,1,1,1,90,success,1,1,0,success,0,0,0,0,accept_local_stable_both,v3_local_first_used;v3_local_accept
lap1_problem_section_v3_fixed,37.440000,43.640000,1124,7,1780899048.144531727,37.668984175,93.504659,64.276878,16,236,923,20,10,10,-0.735849057,0.780219780,46,558,512,302,-18,BOTH,BOTH,STRAIGHT,0,0,0,1,1,1,1,90,success,1,1,0,success,0,0,0,0,accept_local_stable_both,v3_local_first_used;v3_local_accept
lap1_problem_section_v3_fixed,37.440000,43.640000,1125,8,1780899048.180727243,37.705179691,91.471690,63.696062,16,236,1011,19,7,12,-0.722222222,0.810000000,46,558,512,302,-18,BOTH,BOTH,STRAIGHT,0,0,0,1,1,1,1,90,success,1,1,0,success,0,0,0,0,accept_local_stable_both,v3_local_first_used;v3_local_accept
lap1_problem_section_v3_fixed,37.440000,43.640000,1126,9,1780899048.212829351,37.737281799,89.715000,63.100788,16,236,1068,26,9,17,-0.733333333,0.760416667,46,558,512,302,-18,BOTH,BOTH,STRAIGHT,0,0,0,1,1,1,1,90,success,1,1,0,success,0,0,0,0,accept_local_stable_both,v3_local_first_used;v3_local_accept
lap1_problem_section_v3_fixed,37.440000,43.640000,1127,10,1780899048.247510672,37.771963120,87.759418,62.322412,16,236,1051,18,6,12,-0.727272727,0.781818182,45,558,513,301,-19,BOTH,BOTH,STRAIGHT,0,1,1,1,1,1,1,90,success,1,1,0,success,0,0,0,0,accept_local_stable_both,v3_local_first_used;v3_local_accept
lap1_problem_section_v3_fixed,37.440000,43.640000,1128,11,1780899048.279626608,37.804079056,85.490440,61.456031,16,236,1020,22,10,12,-0.709677419,0.800000000,44,558,514,301,-19,BOTH,BOTH,STRAIGHT,0,0,1,1,1,1,1,90,success,1,1,0,success,0,0,0,0,accept_local_stable_both,v3_local_first_used;v3_local_accept
lap1_problem_section_v3_fixed,37.440000,43.640000,1129,12,1780899048.312417269,37.836869717,83.533125,60.545709,16,236,1060,16,6,10,-0.726027397,0.756756757,44,558,514,301,-19,BOTH,BOTH,STRAIGHT,0,0,0,1,1,1,1,90,success,1,1,0,success,0,0,0,0,accept_local_stable_both,v3_local_first_used;v3_local_accept
lap1_problem_section_v3_fixed,37.440000,43.640000,1130,13,1780899048.348576069,37.873028517,81.402443,59.554557,16,236,1138,16,7,9,-0.726415094,0.755813953,45,557,512,301,-19,BOTH,BOTH,STRAIGHT,0,0,2,1,1,1,1,90,success,1,1,0,success,0,0,0,0,accept_local_stable_both,v3_local_first_used;v3_local_accept
lap1_problem_section_v3_fixed,37.440000,43.640000,1131,14,1780899048.380002737,37.904455185,79.537614,58.361926,16,236,1147,15,6,9,-0.727272727,0.727272727,45,557,512,301,-19,BOTH,BOTH,STRAIGHT,0,0,0,1,1,1,1,90,success,1,1,0,success,0,0,0,0,accept_local_stable_both,v3_local_first_used;v3_local_accept
lap1_problem_section_v3_fixed,37.440000,43.640000,1132,15,1780899048.412485361,37.936937809,77.435739,57.183057,16,235,1156,17,7,10,-0.728813559,0.731958763,44,557,513,300,-20,BOTH,BOTH,STRAIGHT,0,1,1,1,1,1,1,90,success,1,1,0,success,0,0,0,0,accept_local_stable_both,v3_local_first_used;v3_local_accept
lap1_problem_section_v3_fixed,37.440000,43.640000,1133,16,1780899048.447460651,37.971913099,75.145000,56.004796,16,236,1155,19,10,9,-0.727272727,0.780219780,44,557,513,300,-20,BOTH,BOTH,STRAIGHT,0,0,0,1,1,1,1,90,success,1,1,0,success,0,0,0,0,accept_local_stable_both,v3_local_first_used;v3_local_accept
lap1_problem_section_v3_fixed,37.440000,43.640000,1134,17,1780899048.480207682,38.004660130,72.918750,54.766410,16,235,1184,18,7,11,-0.727272727,0.753623188,42,557,515,299,-21,BOTH,BOTH,STRAIGHT,0,1,2,1,1,1,1,90,success,1,1,0,success,0,0,0,0,accept_local_stable_both,v3_local_first_used;v3_local_accept
lap1_problem_section_v3_fixed,37.440000,43.640000,1135,18,1780899048.516649723,38.041102171,70.679205,53.387789,16,235,1203,20,10,10,-0.720338983,0.782608696,41,557,516,299,-21,BOTH,BOTH,STRAIGHT,0,0,1,1,1,1,1,90,success,1,1,0,success,0,0,0,0,accept_local_stable_both,v3_local_first_used;v3_local_accept
lap1_problem_section_v3_fixed,37.440000,43.640000,1136,19,1780899048.547446966,38.071899414,68.070284,52.101934,16,236,1229,22,10,12,-0.709090909,0.732758621,40,557,517,298,-22,BOTH,BOTH,STRAIGHT,0,1,1,1,1,1,1,90,success,1,1,0,success,0,0,0,0,accept_local_stable_both,v3_local_first_used;v3_local_accept
lap1_problem_section_v3_fixed,37.440000,43.640000,1137,20,1780899048.580132961,38.104585409,65.571648,50.833670,16,235,1219,17,10,7,-0.727272727,0.728813559,40,557,517,298,-22,BOTH,BOTH,STRAIGHT,0,0,0,1,1,1,1,90,success,1,1,0,success,0,0,0,0,accept_local_stable_both,v3_local_first_used;v3_local_accept
lap1_problem_section_v3_fixed,37.440000,43.640000,1138,21,1780899048.616564751,38.141017199,63.112145,49.525319,16,235,1283,20,9,11,-0.744186047,0.725663717,43,557,514,300,-20,BOTH,BOTH,STRAIGHT,0,2,3,1,1,1,1,90,success,1,1,0,success,0,0,0,0,accept_local_stable_both,v3_local_first_used;v3_local_accept
lap1_problem_section_v3_fixed,37.440000,43.640000,1139,22,1780899048.647711992,38.172164440,60.855270,48.091363,16,235,1270,20,9,11,-0.733333333,0.754545455,43,557,514,300,-20,BOTH,BOTH,STRAIGHT,0,0,0,1,1,1,1,90,success,1,1,0,success,0,0,0,0,accept_local_stable_both,v3_local_first_used;v3_local_accept
lap1_problem_section_v3_fixed,37.440000,43.640000,1140,23,1780899048.679987431,38.204439878,58.430923,46.571860,16,236,1264,22,11,11,-0.733333333,0.701030928,43,557,514,300,-20,BOTH,BOTH,STRAIGHT,0,0,0,1,1,1,1,90,success,1,1,0,success,0,0,0,0,accept_local_stable_both,v3_local_first_used;v3_local_accept
lap1_problem_section_v3_fixed,37.440000,43.640000,1141,24,1780899048.715720415,38.240172863,55.946506,45.017176,16,235,1289,22,12,10,-0.730434783,0.727272727,40,557,517,298,-22,BOTH,BOTH,STRAIGHT,0,2,3,1,1,1,1,90,success,1,1,0,success,0,0,0,0,accept_local_stable_both,v3_local_first_used;v3_local_accept
lap1_problem_section_v3_fixed,37.440000,43.640000,1142,25,1780899048.747730732,38.272183180,53.247741,43.458711,16,236,1212,21,11,10,-0.730769231,0.780821918,39,556,517,297,-23,BOTH,BOTH,STRAIGHT,0,1,0,1,1,1,1,90,success,1,1,0,success,0,0,0,0,accept_local_stable_both,v3_local_first_used;v3_local_accept
lap1_problem_section_v3_fixed,37.440000,43.640000,1143,26,1780899048.784356833,38.308809280,51.125923,41.673179,16,236,1230,22,11,11,-0.761904762,0.674418605,38,556,518,297,-23,BOTH,BOTH,STRAIGHT,0,0,1,1,1,1,1,90,success,1,1,0,success,0,0,0,0,accept_local_stable_both,v3_local_first_used;v3_local_accept
lap1_problem_section_v3_fixed,37.440000,43.640000,1144,27,1780899048.816606045,38.341058493,49.206080,39.687764,16,235,1249,20,12,8,-0.706521739,0.754901961,38,556,518,297,-23,BOTH,BOTH,STRAIGHT,0,0,0,1,1,1,1,90,success,1,1,0,success,0,0,0,0,accept_local_stable_both,v3_local_first_used;v3_local_accept
lap1_problem_section_v3_fixed,37.440000,43.640000,1145,28,1780899048.847639561,38.372092009,47.192017,37.308116,16,235,1259,25,15,10,-0.728155340,0.701923077,41,559,518,300,-20,BOTH,BOTH,STRAIGHT,0,3,0,1,1,1,1,90,success,1,1,0,success,0,0,0,0,accept_local_stable_both,v3_local_first_used;v3_local_accept
lap1_problem_section_v3_fixed,37.440000,43.640000,1146,29,1780899048.884940624,38.409393072,45.622045,34.808634,16,235,1279,25,15,10,-0.767441860,0.731343284,41,560,519,300,-20,BOTH,BOTH,STRAIGHT,0,0,1,1,1,1,1,90,success,1,1,0,success,0,0,0,0,accept_local_stable_both,v3_local_first_used;v3_local_accept
lap1_problem_section_v3_fixed,37.440000,43.640000,1147,30,1780899048.917047739,38.441500187,44.269645,32.832851,16,235,1351,23,12,11,-0.726190476,0.717391304,42,562,520,302,-18,BOTH,BOTH,STRAIGHT,0,2,1,1,1,1,1,90,success,1,1,0,success,0,0,0,0,accept_local_stable_both,v3_local_first_used;v3_local_accept
lap1_problem_section_v3_fixed,37.440000,43.640000,1148,31,1780899048.957524300,38.481976748,43.101946,31.305886,16,235,1365,25,12,13,-0.705882353,0.777777778,42,562,520,302,-18,BOTH,BOTH,STRAIGHT,0,0,0,1,1,1,1,90,success,1,1,0,success,0,0,0,0,accept_local_stable_both,v3_local_first_used;v3_local_accept
lap1_problem_section_v3_fixed,37.440000,43.640000,1149,32,1780899048.983292580,38.507745028,41.850298,29.729994,16,235,1297,20,10,10,-0.729166667,0.702702703,42,561,519,301,-19,BOTH,BOTH,STRAIGHT,0,1,1,1,1,1,1,90,success,1,1,0,success,0,0,0,0,accept_local_stable_both,v3_local_first_used;v3_local_accept
lap1_problem_section_v3_fixed,37.440000,43.640000,1150,33,1780899049.017113924,38.541566372,40.655455,28.454945,16,205,1341,21,10,11,-0.724137931,0.683168317,42,561,519,301,-19,BOTH,BOTH,STRAIGHT,0,0,0,1,1,1,1,90,success,1,1,0,success,0,0,0,0,accept_local_stable_both,v3_local_first_used;v3_local_accept
lap1_problem_section_v3_fixed,37.440000,43.640000,1151,34,1780899049.051377058,38.575829506,39.542585,27.554249,16,206,1320,26,11,15,-0.726495726,0.753623188,42,561,519,301,-19,BOTH,BOTH,STRAIGHT,0,0,0,1,1,1,1,90,success,1,1,0,success,0,0,0,0,accept_local_stable_both,v3_local_first_used;v3_local_accept
lap1_problem_section_v3_fixed,37.440000,43.640000,1152,35,1780899049.085232496,38.609684944,38.684744,26.616827,16,194,1286,22,10,12,-0.726315789,0.782608696,41,562,521,301,-19,BOTH,BOTH,STRAIGHT,0,0,2,1,1,1,1,90,success,1,1,0,success,0,0,0,0,accept_local_no_valid_full,v3_local_first_used;v3_local_accept
lap1_problem_section_v3_fixed,37.440000,43.640000,1153,36,1780899049.116716862,38.641169310,37.805369,25.681266,16,211,1270,21,10,11,-0.701492537,0.800000000,41,562,521,301,-19,BOTH,BOTH,STRAIGHT,0,0,0,1,1,1,1,90,success,1,1,0,success,1,0,0,0,accept_local_full_similar,v3_local_first_used;v3_local_accept
lap1_problem_section_v3_fixed,37.440000,43.640000,1154,37,1780899049.151552439,38.676004887,36.959020,24.741359,16,197,1266,19,8,11,-0.697674419,0.612244898,41,561,520,301,-19,BOTH,BOTH,STRAIGHT,0,0,1,1,1,1,1,90,success,1,1,0,success,0,0,0,0,accept_local_stable_both,v3_local_first_used;v3_local_accept
lap1_problem_section_v3_fixed,37.440000,43.640000,1155,38,1780899049.185659170,38.710111618,35.883778,23.857022,16,186,1273,20,10,10,-0.705882353,0.775000000,41,559,518,300,-20,BOTH,BOTH,STRAIGHT,0,1,2,1,1,1,1,90,success,1,1,0,success,0,0,0,0,accept_local_stable_both,v3_local_first_used;v3_local_accept
lap1_problem_section_v3_fixed,37.440000,43.640000,1156,39,1780899049.221279383,38.745731831,34.975142,23.022621,16,191,1165,20,8,12,-0.730434783,0.700000000,40,555,515,297,-23,BOTH,BOTH,STRAIGHT,0,3,3,1,1,1,1,90,success,1,1,0,success,0,0,0,0,accept_local_stable_both,v3_local_first_used;v3_local_accept
lap1_problem_section_v3_fixed,37.440000,43.640000,1157,40,1780899049.252894402,38.777346849,34.108224,21.953691,16,183,1129,15,8,7,-0.704347826,0.700000000,38,555,517,296,-24,BOTH,BOTH,STRAIGHT,0,1,2,1,1,1,1,90,success,1,1,0,success,0,0,0,0,accept_local_stable_both,v3_local_first_used;v3_local_accept
lap1_problem_section_v3_fixed,37.440000,43.640000,1158,41,1780899049.284784794,38.809237242,33.129631,20.957539,16,184,1115,14,6,8,-0.725663717,0.702702703,37,555,518,296,-24,BOTH,BOTH,STRAIGHT,0,0,1,1,1,1,1,90,success,1,1,0,success,0,0,0,0,accept_local_stable_both,v3_local_first_used;v3_local_accept
lap1_problem_section_v3_fixed,37.440000,43.640000,1159,42,1780899049.322873116,38.847325563,32.279460,19.953708,16,185,1138,15,6,9,-0.725663717,0.680000000,37,555,518,296,-24,BOTH,BOTH,STRAIGHT,0,0,0,1,1,1,1,90,success,1,1,0,success,0,0,0,0,accept_local_stable_both,v3_local_first_used;v3_local_accept
lap1_problem_section_v3_fixed,37.440000,43.640000,1160,43,1780899049.353472710,38.877925158,31.734687,18.902706,16,184,1167,15,5,10,-0.728070175,0.655555556,38,556,518,297,-23,BOTH,BOTH,STRAIGHT,0,1,0,1,1,1,1,90,success,1,1,0,success,0,0,0,0,accept_local_stable_both,v3_local_first_used;v3_local_accept
lap1_problem_section_v3_fixed,37.440000,43.640000,1161,44,1780899049.384252071,38.908704519,31.237543,17.604445,16,175,1038,14,4,10,-0.725663717,0.671641791,38,556,518,297,-23,BOTH,BOTH,STRAIGHT,0,0,0,1,1,1,1,90,success,1,1,0,success,0,0,0,0,accept_local_stable_both,v3_local_first_used;v3_local_accept
lap1_problem_section_v3_fixed,37.440000,43.640000,1162,45,1780899049.419263363,38.943715811,30.478722,16.241209,16,174,1000,13,4,9,-0.729729730,0.702127660,37,553,516,295,-25,BOTH,BOTH,STRAIGHT,0,2,2,1,1,1,1,90,success,1,1,0,success,0,0,0,0,accept_local_stable_both,v3_local_first_used;v3_local_accept
lap1_problem_section_v3_fixed,37.440000,43.640000,1163,46,1780899049.451606274,38.976058722,29.848338,14.843142,16,166,993,11,2,9,-0.727272727,0.701923077,35,552,517,293,-27,BOTH,BOTH,STRAIGHT,0,2,1,1,1,1,1,90,success,1,1,0,success,0,0,0,0,accept_local_stable_both,v3_local_first_used;v3_local_accept
lap1_problem_section_v3_fixed,37.440000,43.640000,1164,47,1780899049.488855124,39.013307571,29.348977,13.497446,16,152,996,16,4,12,-0.733333333,0.676767677,35,552,517,293,-27,BOTH,BOTH,STRAIGHT,0,0,0,1,1,1,1,90,success,1,1,0,success,0,0,0,0,accept_local_stable_both,v3_local_first_used;v3_local_accept
lap1_problem_section_v3_fixed,37.440000,43.640000,1165,48,1780899049.522134781,39.046587229,28.869105,12.055191,16,158,995,14,4,10,-0.728971963,0.686274510,37,553,516,295,-25,BOTH,BOTH,STRAIGHT,0,2,1,1,1,1,1,90,success,1,1,0,success,0,0,0,0,accept_local_stable_both,v3_local_first_used;v3_local_accept
lap1_problem_section_v3_fixed,37.440000,43.640000,1166,49,1780899049.551890373,39.076342821,28.488097,10.815270,16,134,950,12,5,7,-0.742857143,0.718750000,37,555,518,296,-24,BOTH,BOTH,STRAIGHT,0,1,2,1,1,1,1,90,success,1,1,0,success,0,0,0,0,accept_local_stable_both,v3_local_first_used;v3_local_accept
lap1_problem_section_v3_fixed,37.440000,43.640000,1167,50,1780899049.589223385,39.113675833,28.260568,9.875742,16,121,939,17,5,12,-0.754716981,0.650943396,37,555,518,296,-24,BOTH,BOTH,STRAIGHT,0,0,0,1,1,1,1,90,success,1,1,0,success,0,0,0,0,accept_local_stable_both,v3_local_first_used;v3_local_accept
lap1_problem_section_v3_fixed,37.440000,43.640000,1168,51,1780899049.620099783,39.144552231,27.967472,9.069086,16,105,909,14,4,10,-0.752293578,0.666666667,38,555,517,296,-24,BOTH,BOTH,STRAIGHT,0,0,1,1,1,1,1,90,success,1,1,0,success,0,0,0,0,accept_local_stable_both,v3_local_first_used;v3_local_accept
lap1_problem_section_v3_fixed,37.440000,43.640000,1169,52,1780899049.651673079,39.176125526,27.644020,8.569281,16,91,849,19,7,12,-0.769230769,0.681818182,38,555,517,296,-24,BOTH,BOTH,STRAIGHT,0,0,0,1,1,1,1,90,success,1,1,0,success,0,0,0,0,accept_local_stable_both,v3_local_first_used;v3_local_accept
lap1_problem_section_v3_fixed,37.440000,43.640000,1170,53,1780899049.690046787,39.214499235,27.657230,8.368581,16,74,914,15,5,10,-0.757009346,0.689655172,40,557,517,298,-22,BOTH,BOTH,STRAIGHT,0,2,0,1,1,1,1,90,success,1,1,0,success,0,0,0,0,accept_local_stable_both,v3_local_first_used;v3_local_accept
lap1_problem_section_v3_fixed,37.440000,43.640000,1171,54,1780899049.719451666,39.243904114,27.507955,8.171981,16,75,912,16,5,11,-0.800000000,0.675000000,40,560,520,300,-20,BOTH,BOTH,STRAIGHT,0,2,3,1,1,1,1,90,success,1,1,0,success,0,0,0,0,accept_local_stable_both,v3_local_first_used;v3_local_accept
lap1_problem_section_v3_fixed,37.440000,43.640000,1172,55,1780899049.757228613,39.281681061,27.257244,8.057125,16,72,909,12,4,8,-0.794117647,0.727272727,42,563,521,302,-18,BOTH,BOTH,STRAIGHT,0,2,1,1,1,1,1,90,success,1,1,0,success,1,0,0,0,accept_local_full_similar,v3_local_first_used;v3_local_accept
lap1_problem_section_v3_fixed,37.440000,43.640000,1173,56,1780899049.790033340,39.314485788,27.230057,7.907934,16,74,847,13,4,9,-0.789473684,0.700934579,44,562,518,303,-17,BOTH,BOTH,STRAIGHT,0,1,3,1,1,1,1,90,success,1,1,0,success,0,0,0,0,accept_local_stable_both,v3_local_first_used;v3_local_accept
lap1_problem_section_v3_fixed,37.440000,43.640000,1174,57,1780899049.820105791,39.344558239,26.966932,7.760578,16,75,814,13,3,10,-0.784090909,0.686567164,45,563,518,304,-16,BOTH,RIGHT,STRAIGHT,0,1,0,1,1,1,1,90,success,1,1,0,success,0,0,0,0,accept_local_stable_both,v3_local_first_used;v3_local_accept
lap1_problem_section_v3_fixed,37.440000,43.640000,1175,58,1780899049.855436802,39.379889250,27.061207,7.623691,16,74,815,14,3,11,-0.787234043,0.674796748,45,563,518,304,-16,BOTH,RIGHT,STRAIGHT,0,0,0,1,1,1,1,90,success,1,1,0,success,0,0,0,0,accept_local_stable_both,v3_local_first_used;v3_local_accept
lap1_problem_section_v3_fixed,37.440000,43.640000,1176,59,1780899049.889664650,39.414117098,26.702869,7.476467,16,71,922,19,9,10,-0.800000000,0.675000000,45,564,519,304,-16,BOTH,RIGHT,STRAIGHT,0,0,1,1,1,1,1,90,success,1,1,0,success,0,0,0,0,accept_local_stable_both,v3_local_first_used;v3_local_accept
lap1_problem_section_v3_fixed,37.440000,43.640000,1177,60,1780899049.924863815,39.449316263,26.593665,7.436476,16,72,851,15,5,10,-0.783132530,0.692307692,47,565,518,306,-14,BOTH,RIGHT,STRAIGHT,0,2,1,1,1,1,1,90,success,1,1,0,success,0,0,0,0,accept_local_stable_both,v3_local_first_used;v3_local_accept
lap1_problem_section_v3_fixed,37.440000,43.640000,1178,61,1780899049.957159042,39.481611490,26.485043,7.393502,16,73,858,15,4,11,-0.800000000,0.434782609,48,566,518,307,-13,BOTH,NONE,STRAIGHT,0,1,0,1,1,1,1,90,success,1,1,0,success,0,0,0,0,accept_local_stable_both,v3_local_first_used;v3_local_accept
lap1_problem_section_v3_fixed,37.440000,43.640000,1179,62,1780899049.989326954,39.513779402,26.597827,7.377290,16,73,821,15,4,11,-0.805555556,0.688888889,48,569,521,308,-12,BOTH,NONE,STRAIGHT,0,1,3,1,1,1,1,90,success,1,1,0,success,0,0,0,0,accept_local_no_valid_full,v3_local_first_used;v3_local_accept
lap1_problem_section_v3_fixed,37.440000,43.640000,1180,63,1780899050.024988174,39.549440622,26.469276,7.378029,16,75,773,15,4,11,-0.807228916,0.482758621,48,568,520,308,-12,BOTH,NONE,STRAIGHT,0,0,1,1,1,1,1,90,success,1,1,0,success,0,0,0,0,accept_local_stable_both,v3_local_first_used;v3_local_accept
lap1_problem_section_v3_fixed,37.440000,43.640000,1181,64,1780899050.056925297,39.581377745,26.221435,7.309028,16,72,736,13,4,9,-0.805194805,0.666666667,49,574,525,311,-9,BOTH,NONE,STRAIGHT,0,3,5,1,1,1,1,90,success,1,1,0,success,0,0,0,0,accept_local_no_valid_full,v3_local_first_used;v3_local_accept
lap1_problem_section_v3_fixed,37.440000,43.640000,1182,65,1780899050.089092255,39.613544703,26.375284,7.401834,16,75,727,13,5,8,-0.822222222,0.686274510,51,575,524,313,-7,BOTH,NONE,STRAIGHT,0,2,1,1,1,1,1,90,success,1,1,0,success,0,0,0,0,accept_local_no_valid_full,v3_local_first_used;v3_local_accept
lap1_problem_section_v3_fixed,37.440000,43.640000,1183,66,1780899050.126743317,39.651195765,26.350071,7.455586,16,76,681,12,2,10,-0.813333333,0.650000000,54,576,522,315,-5,BOTH,NONE,STRAIGHT,0,2,2,1,1,1,1,90,success,1,1,0,success,0,0,0,0,accept_local_no_valid_full,v3_local_first_used;v3_local_accept
lap1_problem_section_v3_fixed,37.440000,43.640000,1184,67,1780899050.157560825,39.682013273,26.581705,7.517812,17,76,748,14,7,7,-0.811594203,0.672897196,54,576,522,315,-5,BOTH,NONE,STRAIGHT,0,0,0,1,1,1,1,90,success,1,1,0,success,0,0,0,0,accept_local_no_valid_full,v3_local_first_used;v3_local_accept
lap1_problem_section_v3_fixed,37.440000,43.640000,1185,68,1780899050.193269253,39.717721701,26.496051,7.570426,16,76,761,18,7,11,-0.837500000,0.666666667,54,576,522,315,-5,BOTH,NONE,STRAIGHT,0,0,0,1,1,1,1,90,success,1,1,0,success,0,0,0,0,accept_local_no_valid_full,v3_local_first_used;v3_local_accept
lap1_problem_section_v3_fixed,37.440000,43.640000,1186,69,1780899050.224613428,39.749065876,26.426790,7.585262,16,76,778,15,6,9,-0.841463415,0.647058824,54,576,522,315,-5,BOTH,NONE,STRAIGHT,0,0,0,1,1,1,1,90,success,1,1,0,success,0,0,0,0,accept_local_no_valid_full,v3_local_first_used;v3_local_accept
lap1_problem_section_v3_fixed,37.440000,43.640000,1187,70,1780899050.257180691,39.781633139,26.420057,7.601837,16,75,818,16,8,8,-0.849315068,0.714285714,54,581,527,317,-3,BOTH,NONE,STRAIGHT,0,2,5,1,1,1,1,90,success,1,1,0,success,0,0,0,0,accept_local_no_valid_full,v3_local_first_used;v3_local_accept
lap1_problem_section_v3_fixed,37.440000,43.640000,1188,71,1780899050.292533636,39.816986084,26.401563,7.658915,16,77,794,13,6,7,-0.870588235,0.606060606,54,583,529,318,-2,BOTH,NONE,STRAIGHT,0,1,2,1,1,1,1,90,success,1,1,0,success,0,0,0,0,accept_local_no_valid_full,v3_local_first_used;v3_local_accept
lap1_problem_section_v3_fixed,37.440000,43.640000,1189,72,1780899050.323448896,39.847901344,26.565895,7.707849,17,77,792,14,6,8,-0.865853659,0.710526316,56,585,529,320,0,BOTH,NONE,STRAIGHT,0,2,0,1,1,1,1,90,success,1,1,0,success,0,0,0,0,accept_local_no_valid_full,v3_local_first_used;v3_local_accept
lap1_problem_section_v3_fixed,37.440000,43.640000,1190,73,1780899050.355710030,39.880162477,26.730540,7.870583,17,77,768,14,7,7,-0.868421053,0.647619048,58,586,528,322,2,BOTH,NONE,STRAIGHT,0,2,1,1,1,1,1,90,success,1,1,0,success,0,0,0,0,accept_local_no_valid_full,v3_local_first_used;v3_local_accept
lap1_problem_section_v3_fixed,37.440000,43.640000,1191,74,1780899050.392768860,39.917221308,26.745682,8.018638,17,78,739,15,7,8,-0.868421053,0.622448980,60,590,530,325,5,BOTH,NONE,STRAIGHT,0,3,2,1,1,1,1,90,success,1,1,0,success,0,0,0,0,accept_local_no_valid_full,v3_local_first_used;v3_local_accept
lap1_problem_section_v3_fixed,37.440000,43.640000,1192,75,1780899050.424583197,39.949035645,26.595597,8.124820,16,76,674,11,5,6,-0.898305085,0.597938144,62,594,532,328,8,BOTH,NONE,STRAIGHT,0,3,2,1,1,1,1,90,success,1,1,0,success,0,0,0,0,accept_local_no_valid_full,v3_local_first_used;v3_local_accept
lap1_problem_section_v3_fixed,37.440000,43.640000,1193,76,1780899050.460457087,39.984909534,26.892756,8.125011,17,78,639,11,4,7,-0.867924528,0.672131148,65,596,531,330,10,BOTH,NONE,STRAIGHT,0,2,1,1,1,1,1,90,success,1,1,0,success,0,0,0,0,accept_local_no_valid_full,v3_local_first_used;v3_local_accept
lap1_problem_section_v3_fixed,37.440000,43.640000,1194,77,1780899050.492415190,40.016867638,26.682259,8.203415,16,77,651,11,5,6,-0.900000000,0.620689655,66,597,531,331,11,BOTH,NONE,STRAIGHT,0,1,0,1,1,1,1,90,success,1,1,0,success,0,0,0,0,accept_local_no_valid_full,v3_local_first_used;v3_local_accept
lap1_problem_section_v3_fixed,37.440000,43.640000,1195,78,1780899050.524332762,40.048785210,26.794006,8.314087,16,76,622,11,6,5,-0.911111111,0.617647059,67,600,533,333,13,BOTH,NONE,STRAIGHT,0,2,2,1,1,1,1,90,success,1,1,0,success,0,0,0,0,accept_local_no_valid_full,v3_local_first_used;v3_local_accept
lap1_problem_section_v3_fixed,37.440000,43.640000,1196,79,1780899050.560432911,40.084885359,27.106321,8.390133,18,79,588,12,5,7,-1.277777778,0.607843137,66,602,536,264,-56,BOTH,NONE,LEFT,0,69,3,1,1,1,1,90,success,1,1,0,success,0,0,0,0,accept_local_no_valid_full,v3_local_first_used;v3_local_accept
lap1_problem_section_v3_fixed,37.440000,43.640000,1197,80,1780899050.591747761,40.116200209,27.233040,8.500387,17,79,581,12,4,8,-0.900000000,0.628571429,70,604,534,337,17,BOTH,NONE,STRAIGHT,0,73,2,1,1,1,1,90,success,1,1,0,success,0,0,0,0,accept_local_no_valid_full,v3_local_first_used;v3_local_accept
lap1_problem_section_v3_fixed,37.440000,43.640000,1198,81,1780899050.624491930,40.148944378,27.180014,8.717987,16,79,572,8,3,5,-0.883333333,0.601851852,73,606,533,339,19,BOTH,NONE,STRAIGHT,0,2,1,1,1,1,1,90,success,1,1,0,success,0,0,0,0,accept_local_no_valid_full,v3_local_first_used;v3_local_accept
lap1_problem_section_v3_fixed,37.440000,43.640000,1199,82,1780899050.660998583,40.185451031,27.140440,8.843392,18,79,557,9,3,6,-0.898550725,0.598130841,75,608,533,341,21,BOTH,NONE,STRAIGHT,0,2,0,1,1,1,1,90,success,1,1,0,success,0,0,0,0,accept_local_no_valid_full,v3_local_first_used;v3_local_accept
lap1_problem_section_v3_fixed,37.440000,43.640000,1200,83,1780899050.691807032,40.216259480,27.464957,8.998386,17,80,488,7,2,5,-0.906250000,0.618421053,78,613,535,345,25,BOTH,NONE,STRAIGHT,0,4,2,1,1,1,1,90,success,1,1,0,success,0,0,0,0,accept_local_no_valid_full,v3_local_first_used;v3_local_accept
lap1_problem_section_v3_fixed,37.440000,43.640000,1201,84,1780899050.728313446,40.252765894,27.550256,9.068901,17,79,465,8,2,6,-0.929824561,0.580645161,79,616,537,347,27,BOTH,NONE,STRAIGHT,0,2,2,1,1,1,1,90,success,1,1,0,success,0,0,0,0,accept_local_no_valid_full,v3_local_first_used;v3_local_accept
lap1_problem_section_v3_fixed,37.440000,43.640000,1202,85,1780899050.760976315,40.285428762,27.542386,9.078638,17,79,460,9,3,6,-0.932203390,0.600000000,79,619,540,349,29,BOTH,NONE,STRAIGHT,0,2,3,1,1,1,1,90,success,1,1,0,success,0,0,0,0,accept_local_no_valid_full,v3_local_first_used;v3_local_accept
lap1_problem_section_v3_fixed,37.440000,43.640000,1203,86,1780899050.791838169,40.316290617,27.617770,9.118163,16,79,463,9,3,6,-0.931034483,0.597222222,80,622,542,351,31,BOTH,NONE,STRAIGHT,0,2,2,1,1,1,1,90,success,1,1,0,success,0,0,0,0,accept_local_no_valid_full,v3_local_first_used;v3_local_accept
lap1_problem_section_v3_fixed,37.440000,43.640000,1204,87,1780899050.827850342,40.352302790,27.749830,9.161248,16,79,464,10,3,7,-0.964285714,0.580645161,81,625,544,353,33,BOTH,NONE,STRAIGHT,0,2,2,1,1,1,1,90,success,1,1,0,success,0,0,0,0,accept_local_no_valid_full,v3_local_first_used;v3_local_accept
lap1_problem_section_v3_fixed,37.440000,43.640000,1205,88,1780899050.860563755,40.385016203,27.865227,9.550655,17,80,495,9,3,6,-0.980392157,0.574712644,86,625,539,355,35,BOTH,NONE,STRAIGHT,0,2,5,1,1,1,1,90,success,1,1,0,success,0,0,0,0,accept_local_no_valid_full,v3_local_first_used;v3_local_accept
lap1_problem_section_v3_fixed,37.440000,43.640000,1206,89,1780899050.896237373,40.420689821,28.195511,9.867003,18,82,492,11,5,6,-0.956521739,0.554347826,87,627,540,357,37,BOTH,NONE,STRAIGHT,0,2,1,1,1,1,1,90,success,1,1,0,success,0,0,0,0,accept_local_no_valid_full,v3_local_first_used;v3_local_accept
lap1_problem_section_v3_fixed,37.440000,43.640000,1207,90,1780899050.928708076,40.453160524,28.216435,10.046880,16,82,445,7,2,5,-1.027777778,0.559523810,88,630,542,359,39,BOTH,NONE,STRAIGHT,0,2,2,1,1,1,1,90,success,1,1,0,success,0,0,0,0,accept_local_no_valid_full,v3_local_first_used;v3_local_accept
lap1_problem_section_v3_fixed,37.440000,43.640000,1208,91,1780899050.960532188,40.484984636,28.385739,10.214066,17,83,430,8,3,5,-1.000000000,0.600000000,91,630,539,360,40,BOTH,NONE,STRAIGHT,0,1,3,1,1,1,1,90,success,1,1,0,success,0,0,0,0,accept_local_no_valid_full,v3_local_first_used;v3_local_accept
lap1_problem_section_v3_fixed,37.440000,43.640000,1209,92,1780899050.995535374,40.519987822,28.401463,10.351762,17,83,438,9,3,6,-0.965517241,0.583333333,93,633,540,363,43,BOTH,NONE,STRAIGHT,0,3,1,1,1,1,1,90,success,1,1,0,success,0,0,0,0,accept_local_no_valid_full,v3_local_first_used;v3_local_accept
lap1_problem_section_v3_fixed,37.440000,43.640000,1210,93,1780899051.027933598,40.552386045,28.584602,10.564182,17,85,419,7,3,4,-1.000000000,0.541666667,94,638,544,366,46,BOTH,NONE,STRAIGHT,0,3,4,1,1,1,1,90,success,1,1,0,success,0,0,0,0,accept_local_no_valid_full,v3_local_first_used;v3_local_accept
lap1_problem_section_v3_fixed,37.440000,43.640000,1211,94,1780899051.060536146,40.584988594,28.748210,10.755051,16,86,462,8,3,5,-1.058823529,0.548387097,93,639,546,366,46,BOTH,NONE,STRAIGHT,0,0,2,1,1,1,1,90,success,1,1,0,success,0,0,0,0,accept_local_no_valid_full,v3_local_first_used;v3_local_accept
lap1_problem_section_v3_fixed,37.440000,43.640000,1212,95,1780899051.096340418,40.620792866,29.172457,11.027174,17,91,419,7,3,4,-1.095238095,0.500000000,94,645,551,369,49,BOTH,NONE,STRAIGHT,0,3,5,1,1,1,1,90,success,1,1,0,success,0,0,0,0,accept_local_no_valid_full,v3_local_first_used;v3_local_accept
lap1_problem_section_v3_fixed,37.440000,43.640000,1213,96,1780899051.128593445,40.653045893,29.432344,11.364719,17,98,372,5,1,4,-1.500000000,0.473684211,84,647,563,295,-25,BOTH,NONE,LEFT,0,74,12,1,1,1,1,90,success,1,1,0,success,0,0,0,0,accept_local_no_valid_full,v3_local_first_used;v3_local_accept
lap1_problem_section_v3_fixed,37.440000,43.640000,1214,97,1780899051.164771080,40.689223528,29.713580,11.664461,16,104,459,8,3,5,-1.900000000,0.506493506,91,648,557,299,-21,BOTH,NONE,LEFT,0,4,6,1,1,1,1,90,success,1,1,0,success,0,0,0,0,accept_local_no_valid_full,v3_local_first_used;v3_local_accept
lap1_problem_section_v3_fixed,37.440000,43.640000,1215,98,1780899051.195967674,40.720420122,29.681705,11.964050,17,106,395,7,3,4,-1.538461538,0.487500000,86,651,565,298,-22,BOTH,NONE,LEFT,0,1,8,1,1,1,1,90,success,1,1,0,success,0,0,0,0,accept_local_no_valid_full,v3_local_first_used;v3_local_accept
lap1_problem_section_v3_fixed,37.440000,43.640000,1216,99,1780899051.228684187,40.753136635,29.958849,12.262327,17,109,475,8,4,4,-1.769230769,0.487179487,90,653,563,301,-19,BOTH,NONE,LEFT,0,3,2,1,1,1,1,90,success,1,1,0,success,0,0,0,0,accept_local_no_valid_full,v3_local_first_used;v3_local_accept
lap1_problem_section_v3_fixed,37.440000,43.640000,1217,100,1780899051.264597654,40.789050102,30.118949,12.568087,16,112,456,8,4,4,-1.416666667,0.479452055,86,657,571,301,-19,BOTH,NONE,LEFT,0,0,8,1,1,1,1,90,success,1,1,0,success,0,0,0,0,accept_local_no_valid_full,v3_local_first_used;v3_local_accept
lap1_problem_section_v3_fixed,37.440000,43.640000,1218,101,1780899051.296437025,40.820889473,30.165582,12.830956,16,112,350,5,2,3,-1.631578947,0.468750000,88,659,571,303,-17,BOTH,NONE,LEFT,0,2,0,1,1,1,1,90,success,1,1,0,success,0,0,0,0,accept_local_no_valid_full,v3_local_first_used;v3_local_accept
lap1_problem_section_v3_fixed,37.440000,43.640000,1219,102,1780899051.327639818,40.852092266,30.522486,13.089378,17,112,379,6,2,4,-1.521739130,0.480000000,87,659,572,303,-17,BOTH,NONE,LEFT,0,0,1,1,1,1,1,90,success,1,1,0,success,0,0,0,0,accept_local_no_valid_full,v3_local_first_used;v3_local_accept
lap1_problem_section_v3_fixed,37.440000,43.640000,1220,103,1780899051.364066124,40.888518572,30.971491,13.454066,17,115,441,8,4,4,-1.619047619,0.475409836,90,663,573,306,-14,BOTH,NONE,LEFT,0,3,1,1,1,1,1,90,success,1,1,0,success,0,0,0,0,accept_local_no_valid_full,v3_local_first_used;v3_local_accept
lap1_problem_section_v3_fixed,37.440000,43.640000,1221,104,1780899051.397007942,40.921460390,31.233935,13.737290,17,116,418,5,3,2,-1.538461538,0.446153846,89,668,579,308,-12,BOTH,NONE,LEFT,0,2,6,1,1,1,1,90,success,1,1,0,success,0,0,0,0,accept_local_no_valid_full,v3_local_first_used;v3_local_accept
lap1_problem_section_v3_fixed,37.440000,43.640000,1222,105,1780899051.433789492,40.958241940,31.258722,13.872489,16,117,435,6,3,3,-1.647058824,0.457627119,90,670,580,310,-10,BOTH,NONE,LEFT,0,2,1,1,1,1,1,90,success,1,1,0,success,0,0,0,0,accept_local_no_valid_full,v3_local_first_used;v3_local_accept
lap1_problem_section_v3_fixed,37.440000,43.640000,1223,106,1780899051.465289116,40.989741564,31.421548,14.107095,16,119,344,4,2,2,-1.325581395,0.431034483,105,675,570,320,0,BOTH,NONE,LEFT,0,10,10,1,1,1,1,90,success,1,1,0,success,0,0,0,0,accept_local_no_valid_full,v3_local_first_used;v3_local_accept
lap1_problem_section_v3_fixed,37.440000,43.640000,1224,107,1780899051.498771906,41.023224354,31.705866,14.177495,17,119,282,6,2,4,-1.315789474,0.428571429,106,676,570,321,1,BOTH,NONE,LEFT,0,1,0,1,1,1,1,90,success,1,1,0,success,0,0,0,0,accept_local_no_valid_full,v3_local_first_used;v3_local_accept
lap1_problem_section_v3_fixed,37.440000,43.640000,1225,108,1780899051.535793066,41.060245514,31.905838,14.361764,16,119,190,2,0,2,,0.460000000,,671,,384,64,RIGHT,NONE,STRAIGHT,0,63,,1,1,0,1,90,success,1,1,0,success,0,0,0,0,accept_local_no_valid_full,v3_local_first_used;v3_local_accept
lap1_problem_section_v3_fixed,37.440000,43.640000,1226,109,1780899051.565762281,41.090214729,32.143778,14.523126,16,121,321,5,2,3,-1.377777778,0.452380952,106,674,568,320,0,BOTH,NONE,LEFT,0,64,2,1,1,1,1,90,success,1,1,0,success,0,0,0,0,accept_local_no_valid_full,v3_local_first_used;v3_local_accept
lap1_problem_section_v3_fixed,37.440000,43.640000,1227,110,1780899051.597112894,41.121565342,32.308395,14.654112,16,121,282,3,1,2,-1.315789474,0.454545455,109,674,565,321,1,BOTH,NONE,LEFT,0,1,3,1,1,1,1,90,success,1,1,0,success,0,0,0,0,accept_local_no_valid_full,v3_local_first_used;v3_local_accept
lap1_problem_section_v3_fixed,37.440000,43.640000,1228,111,1780899051.634124756,41.158577204,32.739119,15.101055,16,124,277,5,2,3,-1.323529412,0.433962264,111,677,566,324,4,BOTH,NONE,LEFT,0,3,1,1,1,1,1,90,success,1,1,0,success,0,0,0,0,accept_local_no_valid_full,v3_local_first_used;v3_local_accept
lap1_problem_section_v3_fixed,37.440000,43.640000,1229,112,1780899051.665282726,41.189735174,33.030028,15.276290,17,127,292,4,2,2,-1.371428571,0.450980392,110,672,562,321,1,BOTH,NONE,LEFT,0,3,4,1,1,1,1,90,success,1,1,0,success,0,0,0,0,accept_local_no_valid_full,v3_local_first_used;v3_local_accept
lap1_problem_section_v3_fixed,37.440000,43.640000,1230,113,1780899051.699378490,41.223830938,33.040881,15.304876,16,126,315,6,3,3,-1.400000000,0.446428571,105,668,563,316,-4,BOTH,NONE,LEFT,0,5,1,1,1,1,1,90,success,1,1,0,success,0,0,0,0,accept_local_no_valid_full,v3_local_first_used;v3_local_accept
lap1_problem_section_v3_fixed,37.440000,43.640000,1231,114,1780899051.732855320,41.257307768,33.769602,15.604451,17,127,352,6,3,3,-1.384615385,0.431372549,102,668,566,315,-5,BOTH,RIGHT,LEFT,0,1,3,1,1,1,1,90,success,1,1,0,success,0,0,0,0,accept_local_no_valid_full,v3_local_first_used;v3_local_accept
lap1_problem_section_v3_fixed,37.440000,43.640000,1232,115,1780899051.764574289,41.289026737,33.870497,15.955900,16,145,371,6,3,3,-1.392857143,0.448275862,99,665,566,312,-8,BOTH,RIGHT,LEFT,0,3,0,1,1,1,1,90,success,1,1,0,success,0,0,0,0,accept_local_no_valid_full,v3_local_first_used;v3_local_accept
lap1_problem_section_v3_fixed,37.440000,43.640000,1233,116,1780899051.802674055,41.327126503,34.196179,16.271706,18,145,302,3,1,2,,0.446428571,,663,,297,-23,RIGHT,BOTH,STRAIGHT,0,15,,1,1,0,1,90,success,1,1,0,success,0,0,0,0,accept_local_no_valid_full,v3_local_first_used;v3_local_accept
lap1_problem_section_v3_fixed,37.440000,43.640000,1234,117,1780899051.834242344,41.358694792,34.308849,16.515450,17,148,351,6,3,3,-1.545454545,0.421875000,91,662,571,306,-14,BOTH,BOTH,LEFT,0,9,5,1,1,1,1,90,success,1,1,0,success,0,0,0,0,accept_local_no_valid_full,v3_local_first_used;v3_local_accept
lap1_problem_section_v3_fixed,37.440000,43.640000,1235,118,1780899051.869248390,41.393700838,34.960568,17.015387,18,153,400,6,3,3,-1.709677419,0.415384615,87,662,575,304,-16,BOTH,RIGHT,LEFT,0,2,4,1,1,1,1,90,success,1,1,0,success,0,0,0,0,accept_local_no_valid_full,v3_local_first_used;v3_local_accept
lap1_problem_section_v3_fixed,37.440000,43.640000,1236,119,1780899051.900007010,41.424459457,35.186179,17.474500,16,154,464,7,4,3,-4.571428571,0.407407407,88,662,574,305,-15,BOTH,BOTH,LEFT,0,1,1,1,1,1,1,90,success,1,1,0,success,0,0,0,0,accept_local_no_valid_full,v3_local_first_used;v3_local_accept
lap1_problem_section_v3_fixed,37.440000,43.640000,1237,120,1780899051.936216354,41.460668802,35.526264,17.862506,16,154,307,4,1,3,,0.423076923,,658,,243,-77,RIGHT,BOTH,STRAIGHT,0,62,,1,1,0,1,90,success,1,1,0,success,0,0,0,0,accept_local_no_valid_full,v3_local_first_used;v3_local_accept
lap1_problem_section_v3_fixed,37.440000,43.640000,1238,121,1780899051.970053673,41.494506121,35.740511,18.192043,17,147,475,9,6,3,-3.500000000,0.384615385,79,661,582,300,-20,BOTH,BOTH,LEFT,0,57,8,1,1,1,1,90,success,1,1,0,success,0,0,0,0,accept_local_no_valid_full,v3_local_first_used;v3_local_accept
lap1_problem_section_v3_fixed,37.440000,43.640000,1239,122,1780899051.999449015,41.523901463,36.074517,18.468740,17,139,421,10,6,4,-3.000000000,0.387755102,75,658,583,296,-24,BOTH,RIGHT,LEFT,0,4,1,1,1,1,1,90,success,1,1,0,success,0,0,0,0,accept_local_no_valid_full,v3_local_first_used;v3_local_accept
lap1_problem_section_v3_fixed,37.440000,43.640000,1240,123,1780899052.033333778,41.557786226,36.413438,19.109348,17,144,510,7,4,3,-1.766666667,0.385714286,71,657,586,294,-26,BOTH,RIGHT,LEFT,0,2,3,1,1,1,1,90,success,1,1,0,success,0,0,0,0,accept_local_no_valid_full,v3_local_first_used;v3_local_accept
lap1_problem_section_v3_fixed,37.440000,43.640000,1241,124,1780899052.070707560,41.595160007,37.115440,20.457190,16,175,595,9,7,2,-2.312500000,0.373134328,70,663,593,296,-24,BOTH,RIGHT,LEFT,0,2,7,1,1,1,1,90,success,1,1,0,success,0,0,0,0,accept_local_no_valid_full,v3_local_first_used;v3_local_accept
lap1_problem_section_v3_fixed,37.440000,43.640000,1242,125,1780899052.099682808,41.624135256,37.924261,21.567464,17,177,535,11,9,2,-1.896551724,0.378787879,73,665,592,299,-21,BOTH,BOTH,LEFT,0,3,1,1,1,1,1,90,success,1,1,0,success,0,0,0,0,accept_local_no_valid_full,v3_local_first_used;v3_local_accept
lap1_problem_section_v3_fixed,37.440000,43.640000,1243,126,1780899052.139338255,41.663790703,38.787528,22.579607,16,177,551,10,8,2,-2.736842105,0.350877193,74,677,603,305,-15,BOTH,RIGHT,LEFT,0,6,11,1,1,1,1,90,success,1,1,0,success,0,0,0,0,accept_local_no_valid_full,v3_local_first_used;v3_local_accept
lap1_problem_section_v3_fixed,37.440000,43.640000,1244,127,1780899052.169759035,41.694211483,39.772969,23.492405,17,179,593,7,5,2,-2.941176471,0.372549020,77,676,599,306,-14,BOTH,BOTH,LEFT,0,1,4,1,1,1,1,90,success,1,1,0,success,0,0,0,0,accept_local_no_valid_full,v3_local_first_used;v3_local_accept
lap1_problem_section_v3_fixed,37.440000,43.640000,1245,128,1780899052.202155113,41.726607561,40.513395,24.419480,16,181,541,12,10,2,-2.333333333,0.365384615,80,679,599,309,-11,BOTH,RIGHT,LEFT,0,3,0,1,1,1,1,90,success,1,1,0,success,0,0,0,0,accept_local_no_valid_full,v3_local_first_used;v3_local_accept
lap1_problem_section_v3_fixed,37.440000,43.640000,1246,129,1780899052.235561609,41.760014057,41.384844,25.472385,17,195,587,12,10,2,-3.500000000,0.346938776,83,682,599,312,-8,BOTH,RIGHT,LEFT,0,3,0,1,1,1,1,90,success,1,1,0,success,0,0,0,0,accept_local_no_valid_full,v3_local_first_used;v3_local_accept
lap1_problem_section_v3_fixed,37.440000,43.640000,1247,130,1780899052.268427610,41.792880058,42.448807,26.305803,16,208,571,10,8,2,-2.636363636,0.369565217,84,679,595,311,-9,BOTH,BOTH,LEFT,0,1,4,1,1,1,1,90,success,1,1,0,success,0,0,0,0,accept_local_no_valid_full,v3_local_first_used;v3_local_accept
lap1_problem_section_v3_fixed,37.440000,43.640000,1248,131,1780899052.299637318,41.824089766,43.155071,26.950817,16,212,623,13,11,2,-2.736842105,0.375000000,86,679,593,312,-8,BOTH,RIGHT,LEFT,0,1,2,1,1,1,1,90,success,1,1,0,success,0,0,0,0,accept_local_no_valid_full,v3_local_first_used;v3_local_accept
lap1_problem_section_v3_fixed,37.440000,43.640000,1249,132,1780899052.338853598,41.863306046,43.911974,27.638732,16,219,588,10,8,2,-2.384615385,0.369565217,88,685,597,316,-4,BOTH,BOTH,LEFT,0,4,4,1,1,1,1,90,success,1,1,0,success,0,0,0,0,accept_local_no_valid_full,v3_local_first_used;v3_local_accept
lap1_problem_section_v3_fixed,37.440000,43.640000,1250,133,1780899052.370478392,41.894930840,44.854616,28.580061,16,217,548,12,9,3,-2.500000000,0.357142857,89,689,600,319,-1,BOTH,BOTH,LEFT,0,3,3,1,1,1,1,90,success,1,1,0,success,0,0,0,0,accept_local_no_valid_full,v3_local_first_used;v3_local_accept
lap1_problem_section_v3_fixed,37.440000,43.640000,1251,134,1780899052.405709743,41.930162191,46.197358,30.143815,16,234,491,9,7,2,-3.111111111,0.375000000,93,687,594,320,0,BOTH,BOTH,LEFT,0,1,6,1,1,1,1,90,success,1,1,0,success,0,0,0,0,accept_local_no_valid_full,v3_local_first_used;v3_local_accept
lap1_problem_section_v3_fixed,37.440000,43.640000,1252,135,1780899052.438865185,41.963317633,47.838793,31.175820,16,227,488,8,6,2,-2.500000000,0.357142857,95,692,597,323,3,BOTH,BOTH,LEFT,0,3,3,1,1,1,1,90,success,1,1,0,success,0,0,0,0,accept_local_no_valid_full,v3_local_first_used;v3_local_accept
lap1_problem_section_v3_fixed,37.440000,43.640000,1253,136,1780899052.467881680,41.992334127,48.757401,32.070744,16,231,493,8,6,2,-2.500000000,0.361111111,98,694,596,326,6,BOTH,BOTH,LEFT,0,3,1,1,1,1,1,90,success,1,1,0,success,0,0,0,0,accept_local_no_valid_full,v3_local_first_used;v3_local_accept
lap1_problem_section_v3_fixed,37.440000,43.640000,1254,137,1780899052.504418612,42.028871059,50.058253,32.948461,16,219,501,10,8,2,-2.523809524,0.352941176,100,697,597,328,8,BOTH,BOTH,LEFT,0,2,1,1,1,1,1,90,success,1,1,0,success,0,0,0,0,accept_local_no_valid_full,v3_local_first_used;v3_local_accept
lap1_problem_section_v3_fixed,37.440000,43.640000,1255,138,1780899052.537494421,42.061946869,51.157756,33.863621,17,230,377,9,7,2,-2.500000000,0.333333333,102,704,602,333,13,BOTH,BOTH,LEFT,0,5,5,1,1,1,1,90,success,1,1,0,success,0,0,0,0,accept_local_no_valid_full,v3_local_first_used;v3_local_accept
lap1_problem_section_v3_fixed,37.440000,43.640000,1256,139,1780899052.572759628,42.097212076,52.596477,34.640926,16,235,352,6,4,2,-2.631578947,0.360000000,104,700,596,332,12,BOTH,BOTH,LEFT,0,1,6,1,1,1,1,90,success,1,1,0,success,0,0,0,0,accept_local_no_valid_full,v3_local_first_used;v3_local_accept
lap1_problem_section_v3_fixed,37.440000,43.640000,1257,140,1780899052.605014086,42.129466534,53.759886,35.423511,16,235,451,8,6,2,-8.400000000,0.344827586,105,705,600,335,15,BOTH,BOTH,LEFT,0,3,4,1,1,1,1,90,success,1,1,0,success,0,0,0,0,accept_local_no_valid_full,v3_local_first_used;v3_local_accept
lap1_problem_section_v3_fixed,37.440000,43.640000,1258,141,1780899052.637887001,42.162339449,55.149901,36.216611,17,235,441,10,8,2,-3.142857143,0.363636364,107,703,596,335,15,BOTH,BOTH,LEFT,0,0,4,1,1,1,1,90,success,1,1,0,success,0,0,0,0,accept_local_no_valid_full,v3_local_first_used;v3_local_accept
lap1_problem_section_v3_fixed,37.440000,43.640000,1259,142,1780899052.673149109,42.197601557,56.184105,36.771485,18,235,400,9,7,2,-5.833333333,0.360000000,108,702,594,335,15,BOTH,BOTH,LEFT,0,0,2,1,1,1,1,90,success,1,1,0,success,0,0,0,0,accept_local_no_valid_full,v3_local_first_used;v3_local_accept
lap1_problem_section_v3_fixed,37.440000,43.640000,1260,143,1780899052.705374956,42.229827404,57.056094,36.855932,18,234,407,9,7,2,-8.500000000,0.346153846,106,702,596,334,14,BOTH,BOTH,LEFT,0,1,2,1,1,1,1,90,success,1,1,0,success,0,0,0,0,accept_local_no_valid_full,v3_local_first_used;v3_local_accept
lap1_problem_section_v3_fixed,37.440000,43.640000,1261,144,1780899052.736951113,42.261403561,56.989602,36.711316,18,235,348,8,6,2,-2.600000000,0.346153846,99,699,600,329,9,BOTH,BOTH,LEFT,0,5,4,1,1,1,1,90,success,1,1,0,success,0,0,0,0,accept_local_no_valid_full,v3_local_first_used;v3_local_accept
lap1_problem_section_v3_fixed,37.440000,43.640000,1262,145,1780899052.773290157,42.297742605,57.904261,37.215930,16,235,440,9,7,2,-2.562500000,0.379310345,93,690,597,321,1,BOTH,BOTH,LEFT,0,8,3,1,1,1,1,90,success,1,1,0,success,0,0,0,0,accept_local_no_valid_full,v3_local_first_used;v3_local_accept
lap1_problem_section_v3_fixed,37.440000,43.640000,1263,146,1780899052.805102348,42.329554796,58.919886,37.920542,16,235,407,8,5,3,-5.800000000,0.351351351,87,693,606,320,0,BOTH,BOTH,LEFT,0,1,9,1,1,1,1,90,success,1,1,0,success,0,0,0,0,accept_local_no_valid_full,v3_local_first_used;v3_local_accept
lap1_problem_section_v3_fixed,37.440000,43.640000,1264,147,1780899052.841014385,42.365466833,60.180554,38.724058,17,235,417,9,7,2,-3.333333333,0.323529412,82,694,612,318,-2,BOTH,BOTH,LEFT,0,2,6,1,1,1,1,90,success,1,1,0,success,0,0,0,0,accept_local_no_valid_full,v3_local_first_used;v3_local_accept
lap1_problem_section_v3_fixed,37.440000,43.640000,1265,148,1780899052.874727011,42.399179459,61.831392,39.324401,17,235,357,10,8,2,-2.750000000,0.343750000,79,684,605,311,-9,BOTH,BOTH,LEFT,0,7,7,1,1,1,1,90,success,1,1,0,success,0,0,0,0,accept_local_no_valid_full,v3_local_first_used;v3_local_accept
lap1_problem_section_v3_fixed,37.440000,43.640000,1266,149,1780899052.906587124,42.431039572,62.993409,39.841142,16,236,384,7,5,2,-3.181818182,0.341463415,72,680,608,306,-14,BOTH,BOTH,LEFT,0,5,3,1,1,1,1,90,success,1,1,0,success,0,0,0,0,accept_local_no_valid_full,v3_local_first_used;v3_local_accept
lap1_problem_section_v3_fixed,37.440000,43.640000,1267,150,1780899052.941436052,42.465888500,63.852244,40.174838,16,236,437,8,6,2,-3.043478261,0.346938776,68,673,605,300,-20,BOTH,BOTH,LEFT,0,6,3,1,1,1,1,90,success,1,1,0,success,0,0,0,0,accept_local_no_valid_full,v3_local_first_used;v3_local_accept
lap1_problem_section_v3_fixed,37.440000,43.640000,1268,151,1780899052.975590229,42.500042677,64.757216,40.389240,16,236,517,13,9,4,-3.500000000,0.323529412,64,674,610,299,-21,BOTH,BOTH,LEFT,0,1,5,1,1,1,1,90,success,1,1,0,success,0,0,0,0,accept_local_no_valid_full,v3_local_first_used;v3_local_accept
lap1_problem_section_v3_fixed,37.440000,43.640000,1269,152,1780899053.005254030,42.529706478,65.473793,40.403826,16,236,511,11,6,5,-2.952380952,0.358490566,59,662,603,290,-30,BOTH,BOTH,LEFT,0,9,7,1,1,1,1,90,success,1,1,0,success,0,0,0,0,accept_local_no_valid_full,v3_local_first_used;v3_local_accept
lap1_problem_section_v3_fixed,37.440000,43.640000,1270,153,1780899053.042316437,42.566768885,66.251747,40.443244,16,236,560,10,6,4,-2.842105263,0.326086957,55,663,608,289,-31,BOTH,BOTH,LEFT,0,1,5,1,1,1,1,90,success,1,1,0,success,0,0,0,0,accept_local_no_valid_full,v3_local_first_used;v3_local_accept
lap1_problem_section_v3_fixed,37.440000,43.640000,1271,154,1780899053.074955463,42.599407911,67.224801,40.705460,16,236,560,10,5,5,-2.818181818,0.323076923,50,660,610,285,-35,BOTH,BOTH,LEFT,0,4,2,1,1,1,1,90,success,1,1,0,success,0,0,0,0,accept_local_no_valid_full,v3_local_first_used;v3_local_accept
lap1_problem_section_v3_fixed,37.440000,43.640000,1272,155,1780899053.110710144,42.635162592,68.964531,41.618204,16,236,539,9,5,4,-2.952380952,0.314285714,49,664,615,286,-34,BOTH,BOTH,LEFT,0,1,5,1,1,1,1,90,success,1,1,0,success,0,0,0,0,accept_local_no_valid_full,v3_local_first_used;v3_local_accept
lap1_problem_section_v3_fixed,37.440000,43.640000,1273,156,1780899053.143890142,42.668342590,71.311122,42.764495,16,236,451,8,6,2,-4.000000000,0.338461538,49,659,610,284,-36,BOTH,BOTH,LEFT,0,2,5,1,1,1,1,90,success,1,1,0,success,0,0,0,0,accept_local_no_valid_full,v3_local_first_used;v3_local_accept
lap1_problem_section_v3_fixed,37.440000,43.640000,1274,157,1780899053.176066160,42.700518608,74.061733,43.682111,16,236,512,8,4,4,-2.812500000,0.328571429,50,657,607,283,-37,BOTH,BOTH,LEFT,0,1,3,1,1,1,1,90,success,1,1,0,success,0,0,0,0,accept_local_no_valid_full,v3_local_first_used;v3_local_accept
lap1_problem_section_v3_fixed,37.440000,43.640000,1275,158,1780899053.210298061,42.734750509,76.035455,44.121952,16,236,459,10,5,5,-7.750000000,0.340909091,48,653,605,280,-40,BOTH,BOTH,LEFT,0,3,2,1,1,1,1,90,success,1,1,0,success,0,0,0,0,accept_local_no_valid_full,v3_local_first_used;v3_local_accept
lap1_problem_section_v3_fixed,37.440000,43.640000,1276,159,1780899053.243195057,42.767647505,77.761690,44.537492,16,236,483,10,4,6,-2.722222222,0.320000000,46,653,607,279,-41,BOTH,BOTH,LEFT,0,1,2,1,1,1,1,90,success,1,1,0,success,0,0,0,0,accept_local_no_valid_full,v3_local_first_used;v3_local_accept
lap1_problem_section_v3_fixed,37.440000,43.640000,1277,160,1780899053.277927637,42.802380085,79.852812,44.980269,16,236,505,11,5,6,-7.750000000,0.315789474,46,651,605,278,-42,BOTH,BOTH,LEFT,0,1,2,1,1,1,1,90,success,1,1,0,success,0,0,0,0,accept_local_no_valid_full,v3_local_first_used;v3_local_accept
lap1_problem_section_v3_fixed,37.440000,43.640000,1278,161,1780899053.311243057,42.835695505,81.641818,45.223924,16,236,519,12,6,6,-7.500000000,0.315068493,45,651,606,278,-42,BOTH,BOTH,LEFT,0,0,1,1,1,1,1,90,success,1,1,0,success,0,0,0,0,accept_local_no_valid_full,v3_local_first_used;v3_local_accept
lap1_problem_section_v3_fixed,37.440000,43.640000,1279,162,1780899053.341784239,42.866236687,83.414247,45.423167,16,236,470,9,4,5,-2.761904762,0.324324324,42,648,606,275,-45,BOTH,BOTH,LEFT,0,3,0,1,1,1,1,90,success,1,1,0,success,0,0,0,0,accept_local_no_valid_full,v3_local_first_used;v3_local_accept
lap1_problem_section_v3_fixed,37.440000,43.640000,1280,163,1780899053.379792452,42.904244900,84.948281,45.708765,16,236,491,8,4,4,-6.166666667,0.325000000,42,645,603,273,-47,BOTH,BOTH,LEFT,0,2,3,1,1,1,1,90,success,1,1,0,success,0,0,0,0,accept_local_no_valid_full,v3_local_first_used;v3_local_accept
lap1_problem_section_v3_fixed,37.440000,43.640000,1281,164,1780899053.410046339,42.934498787,86.197486,45.960642,16,236,443,8,5,3,-2.800000000,0.317073171,41,648,607,274,-46,BOTH,BOTH,LEFT,0,1,4,1,1,1,1,90,success,1,1,0,success,0,0,0,0,accept_local_no_valid_full,v3_local_first_used;v3_local_accept
lap1_problem_section_v3_fixed,37.440000,43.640000,1282,165,1780899053.442868233,42.967320681,87.773423,46.213197,16,235,419,8,4,4,-2.800000000,0.325000000,40,647,607,273,-47,BOTH,BOTH,LEFT,0,1,0,1,1,1,1,90,success,1,1,0,success,0,0,0,0,accept_local_no_valid_full,v3_local_first_used;v3_local_accept
lap1_problem_section_v3_fixed,37.440000,43.640000,1283,166,1780899053.476951122,43.001403570,88.861392,46.110112,16,236,412,10,5,5,-2.809523810,0.329268293,39,648,609,273,-47,BOTH,BOTH,LEFT,0,0,2,1,1,1,1,90,success,1,1,0,success,0,0,0,0,accept_local_no_valid_full,v3_local_first_used;v3_local_accept
lap1_problem_section_v3_fixed,37.440000,43.640000,1284,167,1780899053.510101795,43.034554243,90.544901,46.300410,16,236,405,8,5,3,-2.777777778,0.333333333,38,643,605,270,-50,BOTH,BOTH,LEFT,0,3,4,1,1,1,1,90,success,1,1,0,success,0,0,0,0,accept_local_no_valid_full,v3_local_first_used;v3_local_accept
lap1_problem_section_v3_fixed,37.440000,43.640000,1285,168,1780899053.541825533,43.066277981,92.095114,46.464449,16,236,427,5,3,2,-2.772727273,0.325581395,37,642,605,269,-51,BOTH,BOTH,LEFT,0,1,0,1,1,1,1,90,success,1,1,0,success,0,0,0,0,accept_local_no_valid_full,v3_local_first_used;v3_local_accept
lap1_problem_section_v3_fixed,37.440000,43.640000,1286,169,1780899053.578998566,43.103451014,94.004759,46.626758,16,236,407,8,2,6,-2.782608696,0.354166667,36,636,600,266,-54,BOTH,BOTH,LEFT,0,3,5,1,1,1,1,90,success,1,1,0,success,0,0,0,0,accept_local_no_valid_full,v3_local_first_used;v3_local_accept
lap1_problem_section_v3_fixed,37.440000,43.640000,1287,170,1780899053.610822201,43.135274649,95.939673,47.103544,16,236,404,7,3,4,-2.714285714,0.329268293,36,634,598,265,-55,BOTH,BOTH,LEFT,0,1,2,1,1,1,1,90,success,1,1,0,success,0,0,0,0,accept_local_no_valid_full,v3_local_first_used;v3_local_accept
lap1_problem_section_v3_fixed,37.440000,43.640000,1288,171,1780899053.645646334,43.170098782,98.098665,47.466339,16,236,378,6,2,4,-2.760000000,0.340659341,34,630,596,262,-58,BOTH,BOTH,LEFT,0,3,2,1,1,1,1,90,success,1,1,0,success,0,0,0,0,accept_local_no_valid_full,v3_local_first_used;v3_local_accept
lap1_problem_section_v3_fixed,37.440000,43.640000,1289,172,1780899053.678322315,43.202774763,99.808097,47.749193,16,236,405,5,2,3,-2.720000000,0.326086957,33,628,595,260,-60,BOTH,BOTH,LEFT,0,2,1,1,1,1,1,90,success,1,1,0,success,0,0,0,0,accept_local_no_valid_full,v3_local_first_used;v3_local_accept
lap1_problem_section_v3_fixed,37.440000,43.640000,1290,173,1780899053.710042238,43.234494686,101.928778,48.034225,16,236,385,5,2,3,-2.680000000,0.336734694,33,627,594,260,-60,BOTH,BOTH,LEFT,0,0,1,1,1,1,1,90,success,1,1,0,success,0,0,0,0,accept_local_no_valid_full,v3_local_first_used;v3_local_accept
lap1_problem_section_v3_fixed,37.440000,43.640000,1291,174,1780899053.745184660,43.269637108,103.711009,48.208758,16,236,312,6,4,2,-4.125000000,0.343750000,33,624,591,258,-62,BOTH,BOTH,LEFT,0,2,3,1,1,1,1,90,success,1,1,0,success,0,0,0,0,accept_local_no_valid_full,v3_local_first_used;v3_local_accept
lap1_problem_section_v3_fixed,37.440000,43.640000,1292,175,1780899053.782316923,43.306769371,105.736080,48.427100,16,236,305,5,2,3,-3.533333333,0.329670330,31,625,594,258,-62,BOTH,BOTH,LEFT,0,0,3,1,1,1,1,90,success,1,1,0,success,0,0,0,0,accept_local_no_valid_full,v3_local_first_used;v3_local_accept
lap1_problem_section_v3_fixed,37.440000,43.640000,1293,176,1780899053.814036608,43.338489056,107.818438,48.420486,16,236,291,5,2,3,-2.409090909,0.325000000,31,625,594,258,-62,BOTH,BOTH,LEFT,0,0,0,1,1,1,1,90,success,1,1,0,success,0,0,0,0,accept_local_no_valid_full,v3_local_first_used;v3_local_accept
lap1_problem_section_v3_fixed,37.440000,43.640000,1294,177,1780899053.843927622,43.368380070,109.760384,48.343496,16,236,282,5,3,2,-2.500000000,0.343750000,30,621,591,255,-65,BOTH,BOTH,LEFT,0,3,3,1,1,1,1,90,success,1,1,0,success,0,0,0,0,accept_local_no_valid_full,v3_local_first_used;v3_local_accept
lap1_problem_section_v3_fixed,37.440000,43.640000,1295,178,1780899053.877878666,43.402331114,112.055085,48.228436,16,235,280,4,2,2,-2.423076923,0.336448598,29,621,592,255,-65,BOTH,BOTH,LEFT,0,0,1,1,1,1,1,90,success,1,1,0,success,0,0,0,0,accept_local_no_valid_full,v3_local_first_used;v3_local_accept
lap1_problem_section_v3_fixed,37.440000,43.640000,1296,179,1780899053.913780689,43.438233137,114.293040,48.370583,16,236,278,4,2,2,-2.423076923,0.330188679,29,616,587,252,-68,BOTH,BOTH,LEFT,0,3,5,1,1,1,1,90,success,1,1,0,success,0,0,0,0,accept_local_no_valid_full,v3_local_first_used;v3_local_accept
lap1_problem_section_v3_fixed,37.440000,43.640000,1297,180,1780899053.945928574,43.470381021,116.565938,48.438502,16,236,261,7,5,2,-2.722222222,0.326923077,28,614,586,251,-69,BOTH,BOTH,LEFT,0,1,1,1,1,1,1,90,success,1,1,0,success,0,0,0,0,accept_local_no_valid_full,v3_local_first_used;v3_local_accept
lap1_problem_section_v3_fixed,37.440000,43.640000,1298,181,1780899053.976969004,43.501421452,117.719403,48.226154,16,236,274,6,4,2,-2.900000000,0.333333333,27,612,585,249,-71,BOTH,BOTH,LEFT,0,2,1,1,1,1,1,90,success,1,1,0,success,0,0,0,0,accept_local_no_valid_full,v3_local_first_used;v3_local_accept
lap1_problem_section_v3_fixed,37.440000,43.640000,1299,182,1780899054.013924122,43.538376570,118.971179,48.124042,17,235,295,6,4,2,-2.392857143,0.327586207,27,611,584,249,-71,BOTH,BOTH,LEFT,0,0,1,1,1,1,1,90,success,1,1,0,success,0,0,0,0,accept_local_no_valid_full,v3_local_first_used;v3_local_accept
lap1_problem_section_v3_fixed,37.440000,43.640000,1300,183,1780899054.047360659,43.571813107,119.828736,47.638912,19,236,307,7,5,2,-3.125000000,0.341880342,27,609,582,248,-72,BOTH,BOTH,LEFT,0,1,2,1,1,1,1,90,success,1,1,0,success,0,0,0,0,accept_local_no_valid_full,v3_local_first_used;v3_local_accept
lap1_problem_section_v3_fixed,37.440000,43.640000,1301,184,1780899054.081651211,43.606103659,121.018892,47.285972,16,236,328,7,5,2,-2.480000000,0.346153846,26,608,582,247,-73,BOTH,BOTH,LEFT,0,1,0,1,1,1,1,90,success,1,1,0,success,0,0,0,0,accept_local_no_valid_full,v3_local_first_used;v3_local_accept
lap1_problem_section_v3_fixed,37.440000,43.640000,1302,185,1780899054.113345861,43.637798309,121.994261,46.904818,16,236,352,5,4,1,-2.933333333,0.341666667,26,606,580,246,-74,BOTH,BOTH,LEFT,0,1,2,1,1,1,1,90,success,1,1,0,success,0,0,0,0,accept_local_no_valid_full,v3_local_first_used;v3_local_accept
